{"type":"FeatureCollection","features":[{"type":"Feature","geometry":{"type":"MultiPolygon","coordinates":[[[[78.918,33.386],[78.965,33.344],[79.098,33.288],[79.26,33.292],[79.42,33.275],[79.456,33.25],[79.423,33.158],[79.373,33.112],[79.399,33.027],[79.34,33.013],[79.334,32.994],[79.414,32.972],[79.564,32.794],[79.614,32.765],[79.621,32.729],[79.576,32.671],[79.531,32.648],[79.516,32.608],[79.443,32.535],[79.407,32.53],[79.379,32.576],[79.32,32.592],[79.287,32.533],[79.113,32.472],[79.075,32.371],[79.028,32.377],[78.943,32.346],[78.911,32.355],[78.771,32.462],[78.737,32.546],[78.751,32.613],[78.737,32.63],[78.694,32.63],[78.63,32.578],[78.448,32.566],[78.385,32.548],[78.381,32.528],[78.452,32.417],[78.435,32.384],[78.463,32.282],[78.458,32.23],[78.513,32.208],[78.649,32.036],[78.722,31.995],[78.745,31.964],[78.671,31.771],[78.696,31.747],[78.693,31.719],[78.724,31.673],[78.758,31.667],[78.819,31.607],[78.7,31.51],[78.695,31.488],[78.763,31.445],[78.745,31.308],[78.784,31.288],[78.862,31.291],[78.921,31.27],[79.07,31.461],[79.131,31.438],[79.238,31.33],[79.262,31.279],[79.253,31.245],[79.288,31.225],[79.319,31.142],[79.367,31.112],[79.402,31.024],[79.476,31.014],[79.513,30.966],[79.578,30.938],[79.63,30.963],[79.739,30.979],[79.85,30.954],[79.903,30.89],[80.006,30.847],[80.063,30.785],[80.092,30.775],[80.157,30.793],[80.225,30.734],[80.207,30.686],[80.167,30.674],[80.203,30.606],[80.18,30.559],[80.253,30.565],[80.326,30.547],[80.508,30.462],[80.596,30.46],[80.723,30.392],[80.782,30.321],[80.976,30.255],[81.003,30.213],[80.996,30.197],[80.921,30.177],[80.884,30.21],[80.868,30.2],[80.836,30.17],[80.85,30.143],[80.83,30.117],[80.77,30.077],[80.716,30.013],[80.641,29.963],[80.571,29.947],[80.55,29.894],[80.476,29.806],[80.369,29.758],[80.354,29.705],[80.385,29.605],[80.327,29.549],[80.32,29.516],[80.257,29.45],[80.218,29.435],[80.214,29.417],[80.255,29.317],[80.28,29.31],[80.258,29.202],[80.219,29.211],[80.233,29.139],[80.221,29.126],[80.133,29.11],[80.099,28.977],[80.053,28.949],[80.034,28.916],[80.036,28.837],[80.114,28.803],[80.162,28.753],[80.233,28.733],[80.291,28.69],[80.33,28.627],[80.408,28.626],[80.488,28.562],[80.488,28.656],[80.518,28.68],[80.556,28.679],[80.564,28.647],[80.636,28.628],[80.679,28.575],[80.727,28.56],[80.782,28.515],[80.872,28.497],[80.905,28.441],[80.976,28.437],[81.0,28.397],[81.17,28.361],[81.224,28.251],[81.296,28.167],[81.277,28.154],[81.299,28.143],[81.296,28.128],[81.338,28.133],[81.358,28.166],[81.396,28.161],[81.435,28.13],[81.473,28.066],[81.562,28.026],[81.615,27.981],[81.689,27.963],[81.75,27.91],[81.856,27.851],[81.883,27.849],[81.976,27.917],[82.027,27.912],[82.348,27.726],[82.402,27.677],[82.441,27.666],[82.652,27.704],[82.68,27.694],[82.709,27.631],[82.73,27.518],[82.752,27.495],[82.876,27.488],[83.01,27.443],[83.133,27.444],[83.219,27.394],[83.249,27.348],[83.282,27.331],[83.324,27.342],[83.363,27.386],[83.371,27.41],[83.356,27.452],[83.387,27.47],[83.59,27.457],[83.855,27.345],[83.878,27.37],[83.834,27.434],[83.923,27.45],[84.008,27.441],[84.08,27.51],[84.117,27.513],[84.186,27.439],[84.226,27.44],[84.289,27.376],[84.577,27.329],[84.607,27.31],[84.658,27.203],[84.654,27.125],[84.621,27.058],[84.64,27.028],[84.761,26.999],[84.817,27.011],[84.924,26.956],[84.953,26.898],[85.018,26.874],[85.019,26.846],[85.123,26.866],[85.162,26.851],[85.166,26.786],[85.195,26.759],[85.287,26.737],[85.337,26.747],[85.386,26.788],[85.44,26.788],[85.609,26.851],[85.702,26.797],[85.713,26.653],[85.781,26.599],[85.81,26.603],[85.829,26.566],[85.952,26.642],[86.011,26.654],[86.116,26.603],[86.196,26.583],[86.284,26.612],[86.316,26.581],[86.354,26.583],[86.495,26.528],[86.714,26.415],[86.738,26.444],[86.822,26.438],[86.876,26.495],[86.972,26.532],[87.041,26.58],[87.067,26.466],[87.106,26.405],[87.135,26.394],[87.219,26.408],[87.245,26.37],[87.3,26.346],[87.326,26.353],[87.356,26.404],[87.416,26.427],[87.48,26.423],[87.587,26.378],[87.681,26.424],[87.728,26.404],[87.769,26.451],[87.822,26.438],[87.87,26.465],[87.929,26.396],[87.975,26.367],[88.007,26.37],[88.074,26.454],[88.08,26.518],[88.169,26.744],[88.151,26.863],[88.077,26.992],[88.009,27.046],[87.969,27.111],[87.989,27.218],[88.035,27.323],[88.015,27.378],[88.042,27.438],[88.023,27.495],[88.111,27.64],[88.16,27.774],[88.165,27.845],[88.118,27.861],[88.1,27.928],[88.127,27.95],[88.379,27.983],[88.456,28.032],[88.502,28.029],[88.594,28.107],[88.652,28.069],[88.736,28.055],[88.803,28.011],[88.82,27.977],[88.811,27.928],[88.855,27.859],[88.806,27.655],[88.742,27.532],[88.758,27.511],[88.754,27.464],[88.774,27.409],[88.892,27.316],[88.885,27.286],[88.861,27.27],[88.776,27.241],[88.73,27.151],[88.828,27.098],[88.846,27.05],[88.852,26.945],[88.907,26.981],[88.932,26.919],[89.022,26.913],[89.061,26.881],[89.097,26.821],[89.213,26.813],[89.274,26.844],[89.342,26.854],[89.443,26.797],[89.505,26.804],[89.586,26.784],[89.611,26.766],[89.598,26.721],[89.61,26.712],[89.685,26.725],[89.814,26.696],[89.835,26.732],[89.89,26.715],[90.127,26.751],[90.152,26.772],[90.177,26.832],[90.211,26.851],[90.284,26.857],[90.349,26.897],[90.383,26.892],[90.588,26.78],[90.717,26.767],[91.007,26.782],[91.062,26.805],[91.198,26.802],[91.297,26.775],[91.346,26.795],[91.388,26.858],[91.42,26.872],[91.475,26.866],[91.521,26.798],[91.594,26.811],[91.702,26.803],[91.825,26.858],[91.844,26.849],[91.863,26.805],[91.879,26.803],[91.886,26.831],[91.874,26.844],[91.896,26.854],[91.893,26.881],[91.926,26.879],[91.975,26.847],[92.036,26.855],[92.073,26.888],[92.084,26.937],[92.067,26.995],[92.0,27.072],[91.988,27.122],[92.037,27.236],[92.089,27.292],[92.024,27.447],[91.975,27.472],[91.727,27.46],[91.657,27.479],[91.604,27.532],[91.573,27.62],[91.58,27.658],[91.627,27.716],[91.636,27.783],[91.566,27.821],[91.564,27.851],[91.68,27.85],[91.73,27.804],[91.827,27.808],[91.865,27.73],[91.952,27.725],[91.989,27.769],[92.065,27.762],[92.126,27.813],[92.24,27.865],[92.304,27.786],[92.329,27.833],[92.35,27.803],[92.368,27.804],[92.393,27.856],[92.428,27.821],[92.475,27.847],[92.575,27.848],[92.636,27.895],[92.684,27.91],[92.736,27.986],[92.689,28.048],[92.639,28.057],[92.679,28.133],[92.779,28.196],[92.79,28.179],[92.835,28.184],[92.904,28.25],[92.975,28.282],[93.208,28.341],[93.218,28.395],[93.186,28.432],[93.287,28.521],[93.317,28.603],[93.446,28.672],[93.626,28.672],[93.722,28.697],[93.782,28.681],[93.863,28.705],[93.928,28.683],[93.982,28.768],[93.992,28.845],[94.135,28.898],[94.174,28.93],[94.25,28.933],[94.347,29.024],[94.271,29.098],[94.288,29.148],[94.336,29.15],[94.396,29.207],[94.515,29.221],[94.6,29.317],[94.63,29.319],[94.704,29.285],[94.768,29.214],[94.761,29.175],[94.777,29.167],[94.989,29.154],[95.2,29.094],[95.225,29.059],[95.367,29.036],[95.488,29.069],[95.521,29.138],[95.515,29.209],[95.55,29.212],[95.564,29.246],[95.717,29.218],[95.747,29.274],[95.745,29.34],[95.796,29.353],[95.863,29.324],[95.954,29.359],[96.142,29.368],[96.176,29.286],[96.235,29.241],[96.35,29.274],[96.367,29.244],[96.327,29.18],[96.21,29.146],[96.175,29.109],[96.195,28.941],[96.249,28.945],[96.367,29.037],[96.458,28.995],[96.452,28.97],[96.492,28.948],[96.511,28.886],[96.577,28.809],[96.598,28.71],[96.501,28.688],[96.502,28.644],[96.336,28.48],[96.302,28.421],[96.37,28.378],[96.562,28.447],[96.717,28.437],[96.966,28.33],[97.078,28.375],[97.116,28.367],[97.323,28.217],[97.329,28.19],[97.293,28.095],[97.355,28.023],[97.362,27.995],[97.334,27.894],[97.293,27.878],[97.276,27.91],[97.223,27.9],[97.065,27.774],[97.057,27.747],[96.991,27.727],[96.884,27.636],[96.862,27.599],[96.888,27.507],[96.881,27.444],[97.101,27.183],[97.104,27.156],[97.135,27.127],[97.119,27.087],[97.038,27.087],[96.865,27.172],[96.843,27.189],[96.854,27.249],[96.776,27.331],[96.705,27.361],[96.649,27.336],[96.587,27.354],[96.547,27.306],[96.511,27.292],[96.408,27.298],[96.143,27.258],[96.013,27.191],[95.916,27.051],[95.861,27.014],[95.778,26.995],[95.699,26.896],[95.624,26.881],[95.575,26.816],[95.49,26.811],[95.411,26.702],[95.261,26.648],[95.205,26.668],[95.173,26.634],[95.123,26.612],[95.11,26.551],[95.041,26.476],[95.066,26.407],[95.042,26.288],[95.059,26.218],[95.094,26.195],[95.078,26.171],[95.088,26.104],[95.137,26.083],[95.151,26.05],[95.066,25.954],[95.001,25.922],[95.009,25.737],[94.961,25.718],[94.853,25.586],[94.86,25.567],[94.822,25.559],[94.764,25.492],[94.659,25.456],[94.608,25.395],[94.55,25.245],[94.553,25.204],[94.577,25.174],[94.689,25.139],[94.707,25.11],[94.709,25.026],[94.674,24.975],[94.655,24.889],[94.599,24.813],[94.582,24.73],[94.556,24.709],[94.516,24.705],[94.475,24.597],[94.418,24.56],[94.397,24.495],[94.364,24.466],[94.361,24.425],[94.329,24.394],[94.331,24.363],[94.295,24.333],[94.19,23.995],[94.135,23.919],[94.132,23.857],[94.1,23.843],[94.055,23.888],[93.912,23.939],[93.804,23.936],[93.743,23.995],[93.711,24.005],[93.612,24.009],[93.571,23.968],[93.543,23.981],[93.457,23.96],[93.368,24.078],[93.349,24.089],[93.31,24.064],[93.303,23.995],[93.356,23.907],[93.375,23.739],[93.43,23.68],[93.4,23.454],[93.407,23.347],[93.378,23.297],[93.375,23.13],[93.318,23.034],[93.273,23.006],[93.247,23.004],[93.177,23.058],[93.14,23.032],[93.176,22.882],[93.116,22.798],[93.08,22.773],[93.071,22.693],[93.111,22.596],[93.099,22.512],[93.166,22.387],[93.174,22.259],[93.124,22.231],[93.142,22.187],[93.025,22.202],[93.025,22.113],[92.985,22.096],[92.967,22.063],[92.979,21.995],[92.962,21.987],[92.937,22.013],[92.906,22.017],[92.877,21.957],[92.836,22.047],[92.684,22.154],[92.651,22.019],[92.576,21.978],[92.537,22.129],[92.576,22.143],[92.577,22.169],[92.501,22.561],[92.496,22.696],[92.442,22.763],[92.426,22.871],[92.36,22.927],[92.328,23.171],[92.357,23.279],[92.349,23.354],[92.301,23.432],[92.253,23.609],[92.259,23.706],[92.222,23.708],[92.194,23.648],[92.151,23.732],[92.108,23.718],[92.06,23.659],[92.019,23.64],[91.923,23.723],[91.916,23.65],[91.941,23.495],[91.905,23.447],[91.818,23.401],[91.744,23.272],[91.796,23.089],[91.707,22.995],[91.617,22.978],[91.586,22.944],[91.577,22.969],[91.524,22.995],[91.464,23.184],[91.394,23.263],[91.372,23.262],[91.356,23.224],[91.371,23.063],[91.337,23.071],[91.314,23.101],[91.266,23.329],[91.287,23.356],[91.258,23.374],[91.227,23.469],[91.195,23.495],[91.136,23.63],[91.14,23.654],[91.166,23.654],[91.175,23.67],[91.137,23.699],[91.132,23.721],[91.142,23.74],[91.195,23.755],[91.225,23.826],[91.216,23.908],[91.274,23.988],[91.339,23.995],[91.363,24.1],[91.518,24.085],[91.582,24.096],[91.606,24.119],[91.629,24.215],[91.666,24.156],[91.704,24.143],[91.733,24.164],[91.733,24.234],[91.807,24.221],[91.814,24.183],[91.844,24.155],[91.877,24.158],[91.906,24.261],[91.9,24.338],[91.922,24.345],[91.972,24.316],[91.95,24.375],[92.063,24.371],[92.108,24.406],[92.111,24.514],[92.164,24.559],[92.234,24.778],[92.223,24.891],[92.252,24.903],[92.29,24.891],[92.381,24.837],[92.478,24.864],[92.495,24.895],[92.484,24.928],[92.304,25.074],[92.234,25.085],[92.173,25.132],[92.116,25.139],[92.093,25.165],[92.034,25.182],[91.73,25.167],[91.711,25.145],[91.677,25.153],[91.662,25.127],[91.639,25.124],[91.596,25.129],[91.566,25.16],[91.481,25.135],[91.432,25.138],[91.236,25.202],[90.822,25.142],[90.754,25.168],[90.708,25.153],[90.623,25.171],[90.365,25.15],[90.13,25.212],[89.908,25.297],[89.819,25.285],[89.795,25.374],[89.823,25.489],[89.834,25.635],[89.783,25.814],[89.834,25.932],[89.792,25.949],[89.829,25.979],[89.814,25.996],[89.789,25.988],[89.756,26.032],[89.75,26.084],[89.718,26.146],[89.656,26.161],[89.653,26.223],[89.613,26.219],[89.614,26.164],[89.587,26.169],[89.563,26.143],[89.604,26.121],[89.567,26.087],[89.611,26.072],[89.559,26.022],[89.542,25.96],[89.518,25.962],[89.486,25.999],[89.411,25.993],[89.391,26.015],[89.335,25.999],[89.238,26.058],[89.213,26.099],[89.119,26.147],[89.103,26.225],[89.069,26.287],[89.069,26.314],[89.095,26.31],[89.103,26.327],[89.055,26.347],[89.044,26.381],[88.941,26.439],[88.891,26.386],[88.912,26.349],[88.966,26.328],[88.982,26.292],[89.008,26.297],[89.004,26.276],[89.034,26.266],[89.04,26.247],[89.019,26.234],[88.975,26.224],[88.876,26.277],[88.825,26.227],[88.784,26.28],[88.748,26.293],[88.663,26.264],[88.646,26.276],[88.712,26.328],[88.652,26.392],[88.656,26.415],[88.612,26.431],[88.591,26.461],[88.527,26.475],[88.462,26.529],[88.411,26.545],[88.394,26.618],[88.373,26.612],[88.315,26.465],[88.336,26.448],[88.354,26.485],[88.461,26.454],[88.498,26.353],[88.432,26.362],[88.337,26.282],[88.326,26.216],[88.219,26.18],[88.164,26.14],[88.14,26.085],[88.156,26.061],[88.151,26.031],[88.126,26.013],[88.074,25.908],[88.088,25.831],[88.128,25.775],[88.227,25.804],[88.26,25.789],[88.419,25.654],[88.424,25.592],[88.475,25.563],[88.53,25.5],[88.594,25.495],[88.666,25.463],[88.706,25.492],[88.743,25.495],[88.742,25.513],[88.772,25.502],[88.815,25.459],[88.8,25.396],[88.842,25.333],[88.903,25.303],[88.975,25.303],[88.985,25.285],[88.929,25.229],[88.928,25.193],[88.91,25.189],[88.924,25.168],[88.817,25.197],[88.784,25.161],[88.634,25.192],[88.599,25.193],[88.559,25.171],[88.475,25.195],[88.441,25.19],[88.426,25.051],[88.323,24.875],[88.243,24.881],[88.233,24.918],[88.202,24.945],[88.115,24.916],[88.141,24.845],[88.088,24.796],[88.077,24.761],[88.053,24.755],[88.022,24.646],[88.057,24.634],[88.082,24.6],[88.086,24.537],[88.11,24.501],[88.401,24.369],[88.475,24.315],[88.635,24.294],[88.66,24.338],[88.715,24.315],[88.738,24.287],[88.746,24.214],[88.678,24.154],[88.674,24.083],[88.701,24.044],[88.725,24.038],[88.702,23.995],[88.714,23.925],[88.653,23.87],[88.578,23.855],[88.578,23.819],[88.553,23.775],[88.561,23.741],[88.54,23.65],[88.566,23.629],[88.562,23.602],[88.609,23.589],[88.719,23.468],[88.757,23.499],[88.77,23.489],[88.686,23.293],[88.697,23.252],[88.776,23.222],[88.823,23.238],[88.96,23.203],[88.851,23.075],[88.839,22.976],[88.893,22.88],[88.945,22.848],[88.937,22.782],[88.908,22.741],[88.956,22.585],[88.928,22.548],[88.971,22.528],[89.003,22.428],[88.989,22.397],[89.002,22.334],[89.024,22.295],[89.009,22.286],[89.062,22.212],[89.078,22.151],[89.06,22.13],[89.044,22.137],[89.037,22.086],[89.057,22.031],[89.061,21.938],[89.013,21.929],[89.01,21.905],[88.945,21.939],[88.929,21.987],[88.905,21.969],[88.924,21.926],[88.996,21.884],[89.016,21.853],[89.044,21.733],[89.085,21.675],[89.083,21.617],[89.053,21.61],[89.034,21.633],[89.02,21.606],[89.0,21.603],[88.892,21.654],[88.859,21.767],[88.838,21.702],[88.859,21.637],[88.844,21.622],[88.806,21.623],[88.811,21.692],[88.777,21.644],[88.791,21.568],[88.728,21.56],[88.708,21.578],[88.722,21.609],[88.685,21.697],[88.704,21.811],[88.695,21.84],[88.722,21.966],[88.763,22.017],[88.709,22.072],[88.763,22.131],[88.727,22.121],[88.695,22.082],[88.699,22.053],[88.731,22.037],[88.69,21.946],[88.631,21.945],[88.627,21.97],[88.653,22.018],[88.639,22.11],[88.683,22.185],[88.68,22.204],[88.66,22.205],[88.619,22.11],[88.626,22.048],[88.603,22.006],[88.598,21.929],[88.567,21.851],[88.565,21.767],[88.624,21.778],[88.633,21.75],[88.613,21.697],[88.592,21.705],[88.6,21.637],[88.595,21.612],[88.578,21.623],[88.572,21.558],[88.536,21.575],[88.53,21.553],[88.544,21.534],[88.513,21.525],[88.488,21.557],[88.53,21.658],[88.505,21.742],[88.533,21.795],[88.531,21.824],[88.496,21.877],[88.515,21.937],[88.496,21.952],[88.474,21.89],[88.493,21.805],[88.474,21.801],[88.453,21.742],[88.472,21.663],[88.456,21.624],[88.393,21.6],[88.393,21.699],[88.356,21.685],[88.331,21.719],[88.325,21.701],[88.349,21.65],[88.335,21.616],[88.31,21.61],[88.298,21.764],[88.262,21.799],[88.295,21.677],[88.283,21.609],[88.306,21.572],[88.254,21.555],[88.237,21.602],[88.224,21.613],[88.208,21.603],[88.182,21.665],[88.21,21.789],[88.154,21.888],[88.147,21.959],[88.222,22.078],[88.198,22.168],[88.081,22.217],[88.077,22.24],[88.043,22.225],[88.009,22.24],[87.973,22.283],[87.94,22.413],[87.907,22.425],[87.965,22.245],[88.008,22.205],[88.133,22.179],[88.161,22.157],[88.174,22.117],[88.164,22.09],[88.111,22.035],[88.043,22.017],[88.051,21.985],[87.984,21.854],[87.834,21.729],[87.704,21.656],[87.621,21.651],[87.469,21.611],[87.342,21.562],[87.201,21.552],[87.064,21.475],[86.918,21.327],[86.867,21.256],[86.837,21.175],[86.844,21.082],[86.966,20.806],[86.954,20.781],[86.879,20.781],[86.911,20.756],[86.987,20.752],[86.999,20.711],[86.94,20.698],[86.995,20.671],[87.043,20.698],[87.004,20.657],[86.923,20.622],[86.751,20.489],[86.725,20.432],[86.72,20.368],[86.77,20.401],[86.789,20.39],[86.796,20.437],[86.81,20.415],[86.768,20.343],[86.694,20.294],[86.702,20.285],[86.755,20.314],[86.628,20.235],[86.495,20.184],[86.467,20.095],[86.391,20.02],[86.426,19.999],[86.397,19.983],[86.275,20.067],[86.209,20.067],[86.153,20.143],[86.145,20.122],[86.168,20.073],[86.23,20.035],[86.289,20.026],[86.315,19.987],[86.372,19.965],[86.269,19.91],[86.089,19.844],[86.057,19.857],[85.789,19.766],[85.734,19.764],[85.624,19.719],[85.638,19.732],[85.614,19.728],[85.48,19.666],[85.45,19.667],[85.427,19.704],[85.522,19.739],[85.515,19.711],[85.577,19.746],[85.563,19.757],[85.57,19.876],[85.477,19.901],[85.44,19.896],[85.32,19.794],[85.268,19.78],[85.221,19.736],[85.207,19.684],[85.14,19.597],[85.151,19.56],[85.103,19.53],[85.109,19.507],[85.124,19.519],[85.129,19.51],[85.124,19.478],[85.203,19.517],[85.199,19.554],[85.233,19.554],[85.193,19.581],[85.248,19.609],[85.233,19.633],[85.248,19.656],[85.309,19.642],[85.391,19.691],[85.405,19.646],[85.378,19.615],[85.337,19.596],[85.318,19.62],[85.309,19.595],[85.288,19.601],[85.303,19.574],[85.331,19.576],[85.577,19.691],[85.337,19.575],[85.18,19.475],[84.872,19.22],[84.791,19.121],[84.775,19.115],[84.739,19.148],[84.72,19.102],[84.74,19.074],[84.761,19.102],[84.78,19.097],[84.741,19.028],[84.665,18.93],[84.631,18.916],[84.542,18.776],[84.424,18.636],[84.333,18.554],[84.282,18.526],[84.247,18.526],[84.238,18.511],[84.271,18.5],[84.35,18.553],[84.144,18.375],[84.113,18.298],[83.775,18.14],[83.614,18.045],[83.473,17.902],[83.452,17.923],[83.453,17.868],[83.341,17.717],[83.299,17.69],[83.268,17.717],[83.247,17.716],[83.249,17.695],[83.299,17.664],[83.247,17.634],[83.213,17.635],[83.239,17.593],[83.088,17.531],[82.897,17.409],[82.883,17.422],[82.719,17.349],[82.475,17.206],[82.423,17.14],[82.37,17.11],[82.299,17.03],[82.253,16.929],[82.268,16.867],[82.314,16.847],[82.352,16.845],[82.362,16.859],[82.349,16.956],[82.367,16.909],[82.366,16.812],[82.338,16.678],[82.313,16.608],[82.281,16.621],[82.307,16.58],[82.259,16.565],[82.203,16.513],[82.069,16.444],[82.037,16.448],[81.993,16.408],[81.862,16.375],[81.763,16.323],[81.712,16.312],[81.656,16.337],[81.585,16.342],[81.557,16.373],[81.54,16.374],[81.549,16.352],[81.496,16.361],[81.417,16.34],[81.428,16.366],[81.411,16.383],[81.317,16.367],[81.26,16.333],[81.254,16.271],[81.23,16.244],[81.156,16.039],[81.15,15.97],[80.999,15.847],[81.013,15.778],[80.91,15.853],[80.896,16.031],[80.889,16.004],[80.875,16.017],[80.891,15.978],[80.89,15.895],[80.807,15.716],[80.803,15.842],[80.776,15.884],[80.67,15.908],[80.663,15.889],[80.571,15.869],[80.554,15.881],[80.393,15.797],[80.28,15.701],[80.201,15.518],[80.211,15.497],[80.127,15.388],[80.091,15.305],[80.053,15.093],[80.108,14.714],[80.16,14.663],[80.178,14.606],[80.142,14.571],[80.197,14.565],[80.176,14.469],[80.175,14.345],[80.128,14.257],[80.087,14.25],[80.047,14.207],[80.073,14.202],[80.121,14.242],[80.136,14.229],[80.126,14.149],[80.15,14.028],[80.249,13.8],[80.221,13.697],[80.314,13.441],[80.245,13.592],[80.142,13.729],[80.136,13.619],[80.121,13.627],[80.118,13.675],[80.094,13.695],[80.091,13.659],[80.053,13.619],[80.119,13.501],[80.266,13.468],[80.262,13.451],[80.307,13.413],[80.327,13.43],[80.348,13.349],[80.334,13.243],[80.32,13.249],[80.314,13.215],[80.334,13.221],[80.333,13.198],[80.307,13.146],[80.314,13.106],[80.286,13.068],[80.252,12.763],[80.18,12.533],[80.096,12.362],[80.005,12.256],[79.944,12.218],[80.005,12.242],[79.862,12.022],[79.862,11.978],[79.786,11.769],[79.752,11.577],[79.786,11.426],[79.793,11.454],[79.817,11.443],[79.819,11.381],[79.75,11.374],[79.676,11.296],[79.759,11.358],[79.833,11.342],[79.855,11.16],[79.841,10.95],[79.857,10.293],[79.795,10.269],[79.757,10.309],[79.633,10.329],[79.614,10.31],[79.759,10.282],[79.774,10.274],[79.76,10.258],[79.557,10.299],[79.552,10.313],[79.604,10.329],[79.587,10.344],[79.529,10.338],[79.532,10.323],[79.46,10.308],[79.398,10.325],[79.286,10.253],[79.269,10.198],[79.236,10.167],[79.254,10.054],[79.279,10.036],[79.2,9.97],[79.094,9.802],[78.981,9.667],[78.977,9.638],[78.938,9.584],[78.913,9.474],[78.96,9.385],[79.075,9.3],[79.252,9.289],[79.32,9.323],[79.341,9.316],[79.334,9.278],[79.354,9.241],[79.454,9.159],[79.424,9.159],[79.293,9.25],[79.165,9.274],[79.087,9.254],[78.989,9.278],[78.929,9.254],[78.844,9.244],[78.728,9.187],[78.676,9.184],[78.635,9.145],[78.412,9.1],[78.24,8.966],[78.183,8.877],[78.162,8.753],[78.21,8.788],[78.215,8.765],[78.169,8.734],[78.143,8.658],[78.115,8.658],[78.142,8.593],[78.128,8.488],[78.08,8.432],[78.056,8.364],[78.0,8.345],[77.806,8.229],[77.768,8.182],[77.595,8.139],[77.561,8.115],[77.565,8.083],[77.511,8.076],[77.309,8.131],[76.996,8.368],[76.645,8.819],[76.544,8.913],[76.559,8.925],[76.573,8.904],[76.621,8.925],[76.582,8.92],[76.574,8.943],[76.603,8.973],[76.658,8.966],[76.634,8.987],[76.668,9.007],[76.621,8.987],[76.583,9.001],[76.559,8.952],[76.565,8.994],[76.539,8.973],[76.538,8.939],[76.528,8.947],[76.46,9.115],[76.462,9.138],[76.477,9.117],[76.483,9.172],[76.462,9.151],[76.428,9.245],[76.415,9.247],[76.443,9.145],[76.363,9.325],[76.312,9.493],[76.277,9.809],[76.236,9.953],[76.251,9.963],[76.285,9.929],[76.286,9.904],[76.257,9.909],[76.267,9.876],[76.277,9.871],[76.284,9.891],[76.281,9.843],[76.3,9.848],[76.309,9.88],[76.339,9.699],[76.346,9.816],[76.32,9.862],[76.333,9.871],[76.359,9.816],[76.368,9.716],[76.394,9.679],[76.357,9.521],[76.459,9.497],[76.503,9.535],[76.407,9.569],[76.42,9.594],[76.415,9.683],[76.394,9.706],[76.38,9.785],[76.394,9.843],[76.359,9.915],[76.312,9.967],[76.294,9.951],[76.278,9.978],[76.274,10.036],[76.255,10.048],[76.245,10.102],[76.215,10.138],[76.208,10.117],[76.243,9.987],[76.182,10.106],[76.178,10.171],[76.224,10.197],[76.24,10.239],[76.223,10.234],[76.195,10.269],[76.202,10.2],[76.171,10.194],[76.153,10.22],[76.052,10.514],[76.008,10.567],[75.922,10.766],[75.942,10.796],[75.911,10.809],[75.895,10.85],[75.833,11.098],[75.731,11.332],[75.736,11.372],[75.722,11.367],[75.665,11.463],[75.609,11.485],[75.506,11.727],[75.38,11.865],[75.356,11.858],[75.325,11.899],[75.308,11.932],[75.4,11.92],[75.383,11.946],[75.393,11.975],[75.349,11.948],[75.302,11.966],[75.281,12.011],[75.33,12.013],[75.304,12.043],[75.264,12.013],[75.277,11.967],[75.222,12.022],[75.209,12.008],[75.194,12.022],[75.131,12.208],[75.14,12.249],[75.105,12.221],[75.083,12.306],[74.992,12.462],[74.856,12.759],[74.852,12.797],[74.828,12.825],[74.825,12.838],[74.859,12.825],[74.941,12.879],[74.818,12.862],[74.77,13.052],[74.783,13.085],[74.689,13.382],[74.681,13.468],[74.694,13.415],[74.708,13.413],[74.667,13.633],[74.736,13.654],[74.713,13.656],[74.688,13.686],[74.701,13.695],[74.688,13.712],[74.66,13.66],[74.615,13.836],[74.495,14.031],[74.467,14.181],[74.429,14.24],[74.433,14.263],[74.509,14.25],[74.415,14.301],[74.392,14.419],[74.354,14.505],[74.352,14.53],[74.367,14.512],[74.389,14.463],[74.407,14.462],[74.401,14.48],[74.428,14.476],[74.372,14.53],[74.379,14.545],[74.359,14.545],[74.359,14.571],[74.343,14.564],[74.339,14.524],[74.301,14.527],[74.295,14.587],[74.339,14.613],[74.276,14.61],[74.253,14.719],[74.22,14.738],[74.194,14.716],[74.174,14.75],[74.153,14.75],[74.096,14.793],[74.091,14.811],[74.109,14.803],[74.119,14.832],[74.14,14.839],[74.16,14.826],[74.179,14.856],[74.233,14.865],[74.235,14.877],[74.208,14.901],[74.112,14.846],[74.091,14.888],[74.036,14.921],[74.031,14.995],[73.996,15.011],[73.964,15.065],[73.913,15.079],[73.929,15.121],[73.962,15.152],[73.947,15.161],[73.891,15.343],[73.827,15.365],[73.783,15.408],[73.9,15.408],[73.933,15.395],[73.954,15.366],[73.968,15.374],[73.928,15.417],[73.842,15.449],[73.796,15.449],[73.818,15.497],[73.872,15.511],[73.86,15.521],[73.866,15.538],[73.786,15.492],[73.766,15.497],[73.737,15.572],[73.76,15.632],[73.838,15.661],[73.784,15.659],[73.728,15.62],[73.718,15.627],[73.686,15.704],[73.701,15.723],[73.646,15.737],[73.646,15.792],[73.605,15.881],[73.491,15.993],[73.487,16.014],[73.516,16.025],[73.484,16.028],[73.447,16.069],[73.461,16.086],[73.463,16.16],[73.488,16.189],[73.453,16.167],[73.447,16.114],[73.435,16.218],[73.414,16.224],[73.379,16.357],[73.358,16.367],[73.385,16.402],[73.341,16.432],[73.303,16.533],[73.307,16.563],[73.344,16.524],[73.379,16.518],[73.351,16.538],[73.371,16.559],[73.336,16.566],[73.315,16.599],[73.358,16.621],[73.363,16.597],[73.371,16.61],[73.354,16.635],[73.323,16.621],[73.312,16.645],[73.322,16.692],[73.29,16.74],[73.304,16.813],[73.287,16.821],[73.269,16.876],[73.271,16.945],[73.289,16.984],[73.255,17.007],[73.251,17.032],[73.259,17.044],[73.269,17.032],[73.276,17.079],[73.236,17.221],[73.187,17.306],[73.231,17.279],[73.249,17.285],[73.171,17.39],[73.181,17.478],[73.126,17.557],[73.201,17.586],[73.139,17.601],[73.121,17.626],[73.126,17.655],[73.105,17.689],[73.123,17.736],[73.019,17.952],[73.035,17.992],[73.005,18.012],[73.043,18.067],[73.009,18.039],[72.987,18.067],[72.967,18.196],[72.955,18.218],[72.927,18.224],[72.94,18.286],[72.973,18.245],[73.051,18.227],[73.057,18.186],[73.072,18.204],[73.072,18.273],[72.995,18.284],[72.968,18.311],[72.975,18.328],[72.913,18.361],[72.89,18.441],[72.907,18.524],[72.947,18.532],[73.009,18.451],[73.015,18.47],[72.989,18.49],[72.96,18.555],[72.91,18.559],[72.855,18.681],[72.857,18.786],[72.879,18.807],[72.913,18.8],[72.927,18.827],[72.975,18.779],[72.97,18.747],[72.995,18.731],[72.992,18.779],[73.016,18.814],[72.981,18.833],[72.982,18.871],[72.946,18.858],[72.897,18.894],[72.913,18.923],[72.928,18.911],[72.937,18.947],[72.977,18.948],[72.988,18.964],[72.954,18.971],[73.047,18.995],[73.057,19.015],[72.988,18.999],[72.992,19.067],[72.967,19.091],[72.967,19.163],[72.936,19.115],[72.934,19.034],[72.891,18.992],[72.885,19.026],[72.869,19.011],[72.821,18.903],[72.803,18.91],[72.803,18.958],[72.775,18.937],[72.77,18.948],[72.802,19.0],[72.803,19.04],[72.817,19.033],[72.824,19.054],[72.81,19.067],[72.823,19.108],[72.81,19.146],[72.823,19.169],[72.811,19.176],[72.792,19.15],[72.782,19.16],[72.83,19.252],[72.815,19.254],[72.775,19.205],[72.785,19.314],[72.867,19.317],[72.901,19.291],[72.973,19.294],[73.027,19.206],[73.05,19.218],[72.988,19.301],[72.899,19.307],[72.837,19.348],[72.802,19.332],[72.763,19.38],[72.754,19.482],[72.879,19.532],[72.857,19.541],[72.796,19.527],[72.742,19.581],[72.735,19.547],[72.756,19.519],[72.723,19.536],[72.687,19.725],[72.708,19.697],[72.726,19.706],[72.714,19.746],[72.731,19.755],[72.733,19.78],[72.728,19.794],[72.678,19.747],[72.68,19.8],[72.649,19.852],[72.664,19.882],[72.665,19.953],[72.703,19.998],[72.71,20.083],[72.756,20.215],[72.742,20.225],[72.748,20.28],[72.782,20.352],[72.817,20.376],[72.829,20.438],[72.886,20.532],[72.885,20.619],[72.909,20.699],[72.899,20.732],[72.947,20.759],[72.919,20.787],[72.919,20.822],[72.9,20.799],[72.886,20.807],[72.88,20.83],[72.9,20.868],[72.837,20.836],[72.865,20.897],[72.837,20.93],[72.886,20.962],[72.888,20.983],[72.833,20.972],[72.772,21.024],[72.767,21.039],[72.823,21.034],[72.85,21.048],[72.81,21.13],[72.756,21.11],[72.742,21.123],[72.735,21.092],[72.7,21.075],[72.729,21.148],[72.714,21.164],[72.676,21.154],[72.671,21.1],[72.638,21.085],[72.615,21.106],[72.63,21.136],[72.735,21.199],[72.647,21.254],[72.646,21.273],[72.618,21.253],[72.587,21.341],[72.646,21.363],[72.579,21.367],[72.565,21.386],[72.635,21.407],[72.728,21.466],[72.747,21.453],[72.738,21.483],[72.584,21.417],[72.62,21.487],[72.773,21.581],[72.823,21.644],[72.89,21.641],[73.117,21.737],[73.132,21.758],[73.119,21.765],[72.927,21.685],[72.858,21.695],[72.798,21.674],[72.616,21.685],[72.55,21.667],[72.528,21.695],[72.567,21.849],[72.618,21.925],[72.69,21.939],[72.735,21.994],[72.708,21.994],[72.694,21.972],[72.623,21.967],[72.543,21.911],[72.502,21.976],[72.536,22.141],[72.575,22.195],[72.634,22.21],[72.748,22.164],[72.812,22.234],[72.847,22.24],[72.897,22.213],[72.916,22.223],[72.917,22.271],[72.818,22.273],[72.757,22.244],[72.574,22.288],[72.466,22.233],[72.455,22.245],[72.464,22.264],[72.414,22.246],[72.392,22.253],[72.38,22.312],[72.405,22.333],[72.397,22.367],[72.361,22.343],[72.328,22.261],[72.275,22.26],[72.265,22.295],[72.24,22.302],[72.209,22.3],[72.206,22.274],[72.149,22.278],[72.191,22.251],[72.24,22.288],[72.239,22.239],[72.306,22.23],[72.317,22.185],[72.308,22.079],[72.258,22.012],[72.221,22.011],[72.214,21.994],[72.2,22.007],[72.173,21.976],[72.134,22.005],[72.097,22.007],[72.128,21.984],[72.115,21.969],[72.077,21.98],[72.105,21.959],[72.102,21.945],[72.055,21.954],[72.029,21.939],[72.105,21.918],[72.157,21.926],[72.145,21.911],[72.17,21.89],[72.169,21.841],[72.131,21.846],[72.058,21.899],[72.049,21.88],[72.086,21.866],[72.105,21.836],[72.063,21.834],[72.004,21.858],[71.996,21.8],[72.001,21.788],[72.022,21.801],[72.022,21.774],[72.074,21.789],[72.117,21.777],[72.166,21.794],[72.224,21.701],[72.272,21.691],[72.299,21.626],[72.22,21.445],[72.105,21.315],[72.112,21.296],[72.091,21.253],[72.105,21.205],[71.991,21.136],[71.926,21.13],[71.763,21.032],[71.718,21.032],[71.584,20.958],[71.55,20.951],[71.569,20.979],[71.551,20.974],[71.462,20.885],[71.319,20.849],[71.141,20.766],[71.095,20.764],[71.062,20.739],[71.008,20.742],[70.982,20.71],[70.84,20.702],[70.775,20.727],[70.74,20.718],[70.542,20.808],[70.451,20.856],[70.399,20.904],[70.337,20.927],[70.054,21.153],[69.845,21.39],[69.809,21.466],[69.756,21.49],[69.63,21.616],[69.568,21.65],[69.479,21.753],[69.427,21.781],[69.398,21.815],[69.391,21.877],[69.368,21.856],[69.336,21.862],[69.198,21.98],[68.994,22.204],[68.945,22.295],[68.983,22.419],[69.074,22.482],[69.082,22.46],[69.048,22.432],[69.072,22.399],[69.147,22.405],[69.179,22.428],[69.202,22.415],[69.17,22.328],[69.212,22.274],[69.286,22.285],[69.36,22.329],[69.48,22.342],[69.526,22.392],[69.516,22.448],[69.548,22.452],[69.555,22.378],[69.616,22.356],[69.63,22.384],[69.64,22.376],[69.669,22.409],[69.699,22.404],[69.733,22.48],[69.795,22.419],[69.833,22.464],[69.885,22.474],[69.973,22.541],[70.059,22.558],[70.145,22.548],[70.178,22.562],[70.319,22.778],[70.323,22.823],[70.375,22.903],[70.453,22.967],[70.486,22.964],[70.505,22.98],[70.528,23.047],[70.503,23.104],[70.467,23.13],[70.399,23.069],[70.411,23.023],[70.392,22.941],[70.303,22.938],[70.233,23.0],[70.222,22.959],[70.163,22.949],[70.129,22.969],[70.131,22.994],[70.11,22.959],[70.135,22.93],[69.833,22.858],[69.78,22.827],[69.716,22.747],[69.586,22.761],[69.338,22.833],[69.202,22.852],[69.04,22.951],[68.866,23.02],[68.654,23.158],[68.65,23.181],[68.623,23.192],[68.6,23.225],[68.596,23.24],[68.609,23.227],[68.623,23.268],[68.552,23.26],[68.541,23.278],[68.561,23.316],[68.607,23.326],[68.561,23.364],[68.521,23.369],[68.515,23.399],[68.541,23.412],[68.536,23.421],[68.501,23.423],[68.475,23.405],[68.459,23.42],[68.466,23.446],[68.44,23.434],[68.424,23.446],[68.447,23.487],[68.486,23.514],[68.437,23.549],[68.447,23.503],[68.412,23.495],[68.409,23.621],[68.428,23.631],[68.491,23.619],[68.493,23.638],[68.469,23.641],[68.469,23.659],[68.534,23.679],[68.584,23.735],[68.638,23.762],[68.671,23.816],[68.726,23.819],[68.822,23.878],[68.767,23.878],[68.718,23.841],[68.633,23.833],[68.599,23.782],[68.428,23.714],[68.342,23.624],[68.353,23.611],[68.327,23.587],[68.181,23.594],[68.143,23.613],[68.15,23.631],[68.175,23.631],[68.2,23.66],[68.233,23.645],[68.276,23.666],[68.28,23.686],[68.241,23.674],[68.209,23.696],[68.198,23.775],[68.169,23.748],[68.164,23.758],[68.184,23.843],[68.207,23.877],[68.26,23.896],[68.264,23.936],[68.3,23.911],[68.326,23.928],[68.33,23.967],[68.343,23.969],[68.354,23.939],[68.432,23.967],[68.724,23.965],[68.726,24.289],[68.747,24.331],[68.799,24.329],[68.82,24.25],[68.839,24.236],[68.885,24.314],[68.904,24.321],[68.963,24.257],[69.068,24.288],[69.167,24.253],[69.281,24.284],[69.563,24.277],[69.715,24.169],[69.972,24.165],[70.016,24.174],[70.052,24.202],[70.098,24.299],[70.243,24.331],[70.299,24.363],[70.353,24.366],[70.416,24.402],[70.563,24.424],[70.575,24.4],[70.546,24.362],[70.568,24.273],[70.622,24.241],[70.755,24.231],[70.851,24.265],[70.841,24.306],[70.918,24.362],[70.997,24.357],[71.083,24.412],[71.075,24.436],[70.977,24.465],[70.981,24.535],[70.958,24.556],[70.955,24.585],[70.977,24.64],[71.064,24.683],[70.915,24.947],[70.849,25.163],[70.735,25.267],[70.71,25.336],[70.654,25.397],[70.654,25.674],[70.632,25.701],[70.592,25.709],[70.477,25.676],[70.36,25.673],[70.249,25.708],[70.214,25.786],[70.115,25.882],[70.065,25.98],[70.078,26.1],[70.147,26.217],[70.158,26.53],[70.13,26.563],[70.056,26.589],[69.816,26.58],[69.772,26.595],[69.659,26.678],[69.504,26.735],[69.473,26.767],[69.465,26.808],[69.508,27.05],[69.534,27.126],[69.576,27.188],[69.848,27.41],[69.908,27.497],[69.994,27.571],[70.102,27.812],[70.342,28.011],[70.456,28.04],[70.535,28.016],[70.633,27.932],[70.641,27.855],[70.71,27.741],[70.762,27.71],[70.832,27.701],[70.914,27.718],[71.226,27.845],[71.398,27.868],[71.561,27.869],[71.874,27.96],[71.908,28.136],[71.988,28.228],[72.15,28.354],[72.198,28.445],[72.256,28.646],[72.355,28.767],[72.93,29.048],[73.233,29.537],[73.37,29.927],[73.558,30.013],[73.74,30.048],[73.944,30.188],[73.935,30.261],[73.892,30.33],[73.842,30.353],[73.852,30.373],[73.906,30.395],[73.9,30.422],[73.929,30.419],[74.004,30.509],[74.058,30.531],[74.067,30.611],[74.164,30.665],[74.191,30.717],[74.267,30.788],[74.257,30.815],[74.3,30.838],[74.319,30.893],[74.401,30.893],[74.442,30.946],[74.519,30.962],[74.564,31.004],[74.579,31.043],[74.659,31.084],[74.617,31.115],[74.537,31.115],[74.506,31.175],[74.532,31.303],[74.617,31.459],[74.556,31.612],[74.489,31.711],[74.535,31.771],[74.55,31.827],[74.67,31.904],[74.698,31.95],[74.784,31.943],[74.829,32.025],[74.873,32.012],[74.889,32.029],[74.956,32.032],[74.986,32.063],[75.03,32.066],[75.023,32.095],[75.041,32.098],[75.102,32.078],[75.138,32.093],[75.174,32.087],[75.173,32.11],[75.196,32.129],[75.295,32.149],[75.317,32.211],[75.359,32.262],[75.327,32.312],[75.23,32.38],[75.126,32.412],[75.024,32.466],[74.907,32.445],[74.838,32.475],[74.725,32.461],[74.689,32.471],[74.663,32.498],[74.63,32.588],[74.656,32.641],[74.65,32.723],[74.689,32.809],[74.672,32.841],[74.636,32.822],[74.614,32.77],[74.574,32.753],[74.501,32.746],[74.439,32.786],[74.346,32.767],[74.307,32.81],[74.317,32.823],[73.983,32.969],[73.943,33.018],[73.907,33.03],[73.806,33.015],[73.623,33.124],[73.645,33.143],[73.655,33.185],[73.615,33.232],[73.581,33.229],[73.6,33.247],[73.603,33.333],[73.574,33.387],[73.604,33.442],[73.628,33.452],[73.615,33.52],[73.635,33.541],[73.615,33.593],[73.573,33.634],[73.6,33.709],[73.567,33.803],[73.58,33.91],[73.519,34.008],[73.474,34.269],[73.4,34.376],[73.426,34.43],[73.437,34.522],[73.464,34.571],[73.593,34.588],[73.623,34.564],[73.66,34.634],[73.651,34.677],[73.701,34.756],[73.74,34.785],[73.82,34.81],[73.884,34.811],[73.954,34.863],[74.018,34.881],[74.061,34.942],[74.067,34.982],[74.1,35.01],[74.068,35.055],[74.124,35.105],[74.102,35.14],[74.031,35.147],[73.992,35.175],[73.954,35.171],[73.924,35.199],[73.864,35.202],[73.81,35.234],[73.722,35.216],[73.718,35.264],[73.687,35.31],[73.69,35.357],[73.728,35.418],[73.784,35.447],[73.772,35.522],[73.63,35.543],[73.505,35.534],[73.443,35.562],[73.41,35.548],[73.383,35.588],[73.307,35.6],[73.126,35.725],[73.128,35.796],[73.155,35.825],[73.088,35.876],[73.042,35.856],[72.972,35.878],[72.872,35.874],[72.792,35.838],[72.656,35.854],[72.516,35.904],[72.589,36.016],[72.529,36.098],[72.56,36.144],[72.554,36.189],[72.586,36.258],[72.633,36.279],[72.692,36.271],[72.83,36.37],[72.877,36.384],[72.896,36.462],[72.985,36.473],[72.98,36.508],[73.055,36.54],[73.094,36.603],[73.073,36.664],[73.078,36.701],[73.177,36.735],[73.213,36.713],[73.296,36.717],[73.416,36.752],[73.52,36.731],[73.595,36.735],[73.622,36.71],[73.679,36.704],[73.721,36.727],[73.879,36.712],[73.887,36.771],[73.799,36.828],[73.72,36.851],[73.712,36.894],[73.834,36.883],[73.947,36.831],[74.035,36.816],[74.094,36.831],[74.13,36.898],[74.236,36.902],[74.394,36.994],[74.436,37.003],[74.477,36.999],[74.521,36.958],[74.537,36.962],[74.542,37.022],[74.662,37.054],[74.719,37.016],[74.793,37.015],[74.825,36.994],[74.872,36.907],[74.925,36.971],[75.1,36.994],[75.195,36.949],[75.351,36.916],[75.394,36.864],[75.411,36.747],[75.432,36.723],[75.493,36.721],[75.508,36.748],[75.571,36.767],[75.729,36.723],[75.875,36.619],[75.981,36.445],[76.149,36.425],[76.239,36.32],[76.319,36.33],[76.389,36.31],[76.429,36.24],[76.469,36.22],[76.568,36.19],[76.669,36.19],[76.719,36.16],[76.759,36.11],[76.779,36.04],[76.779,35.91],[76.839,35.86],[77.009,35.82],[77.069,35.78],[77.09,35.74],[77.209,35.71],[77.349,35.72],[77.421,35.64],[77.469,35.652],[77.509,35.58],[77.52,35.477],[77.661,35.458],[77.76,35.498],[77.89,35.482],[77.915,35.494],[77.955,35.562],[78.102,35.538],[78.162,35.624],[78.229,35.647],[78.276,35.695],[78.435,35.761],[78.545,35.781],[78.665,35.853],[78.971,35.887],[79.028,35.852],[79.133,35.836],[79.194,35.887],[79.184,35.941],[79.29,35.977],[79.4,35.962],[79.424,35.94],[79.428,35.909],[79.461,35.886],[79.738,35.802],[79.876,35.785],[79.919,35.822],[80.005,35.839],[80.111,35.68],[80.178,35.667],[80.292,35.607],[80.327,35.477],[80.284,35.446],[80.278,35.345],[80.255,35.313],[80.261,35.27],[80.188,35.151],[80.163,34.951],[80.078,34.837],[80.086,34.777],[80.05,34.673],[79.996,34.647],[79.867,34.658],[79.813,34.565],[79.731,34.545],[79.702,34.52],[79.702,34.5],[79.737,34.463],[79.713,34.415],[79.67,34.407],[79.523,34.426],[79.509,34.392],[79.552,34.21],[79.533,34.184],[79.488,34.182],[79.495,34.106],[79.406,34.022],[79.376,34.011],[79.132,34.026],[79.071,33.995],[78.935,34.007],[78.903,33.983],[78.888,33.946],[78.898,33.907],[78.945,33.8],[78.991,33.752],[79.013,33.634],[79.003,33.619],[78.945,33.634],[78.896,33.62],[78.887,33.567],[78.91,33.494],[78.918,33.386]]],[[[80.968,15.795],[80.985,15.762],[80.943,15.741],[80.868,15.812],[80.888,15.847],[80.968,15.795]]],[[[93.873,12.269],[93.854,12.261],[93.852,12.272],[93.861,12.281],[93.873,12.269]]],[[[94.281,13.444],[94.291,13.423],[94.275,13.42],[94.262,13.429],[94.281,13.444]]],[[[93.92,7.024],[93.93,6.959],[93.889,6.842],[93.903,6.808],[93.859,6.804],[93.834,6.746],[93.813,6.754],[93.814,6.808],[93.784,6.836],[93.793,6.849],[93.776,6.867],[93.765,6.924],[93.748,6.924],[93.704,7.006],[93.665,7.027],[93.649,7.013],[93.65,7.12],[93.676,7.182],[93.717,7.188],[93.814,7.242],[93.865,7.201],[93.887,7.089],[93.92,7.024]]],[[[93.731,7.369],[93.729,7.337],[93.644,7.258],[93.618,7.26],[93.594,7.315],[93.617,7.367],[93.667,7.383],[93.697,7.445],[93.699,7.399],[93.731,7.369]]],[[[93.429,7.955],[93.46,7.911],[93.454,7.869],[93.421,7.892],[93.354,7.883],[93.34,7.901],[93.348,7.925],[93.314,7.929],[93.305,7.95],[93.323,8.002],[93.37,8.017],[93.391,8.016],[93.401,7.968],[93.429,7.955]]],[[[93.566,7.999],[93.574,7.925],[93.511,7.98],[93.548,8.02],[93.566,7.999]]],[[[93.532,8.035],[93.484,7.992],[93.481,8.041],[93.517,8.063],[93.498,8.083],[93.492,8.064],[93.466,8.074],[93.447,8.154],[93.486,8.22],[93.505,8.227],[93.532,8.213],[93.505,8.147],[93.538,8.057],[93.532,8.035]]],[[[73.077,8.315],[73.066,8.27],[73.024,8.255],[73.022,8.274],[73.029,8.26],[73.048,8.268],[73.077,8.315]]],[[[93.135,8.24],[93.173,8.221],[93.167,8.205],[93.103,8.222],[93.066,8.268],[93.064,8.336],[93.084,8.356],[93.101,8.346],[93.104,8.276],[93.135,8.24]]],[[[93.608,8.548],[93.628,8.487],[93.601,8.438],[93.595,8.558],[93.608,8.569],[93.608,8.548]]],[[[92.811,9.231],[92.834,9.202],[92.832,9.145],[92.8,9.11],[92.731,9.131],[92.709,9.202],[92.745,9.229],[92.751,9.261],[92.811,9.231]]],[[[92.585,10.771],[92.596,10.678],[92.54,10.621],[92.542,10.592],[92.574,10.581],[92.535,10.525],[92.513,10.508],[92.422,10.546],[92.384,10.529],[92.417,10.629],[92.379,10.672],[92.377,10.784],[92.415,10.799],[92.429,10.851],[92.528,10.895],[92.565,10.849],[92.585,10.771]]],[[[92.677,11.413],[92.7,11.384],[92.673,11.367],[92.635,11.358],[92.594,11.378],[92.601,11.406],[92.637,11.43],[92.636,11.508],[92.675,11.49],[92.696,11.454],[92.677,11.413]]],[[[92.267,11.59],[92.285,11.544],[92.252,11.529],[92.235,11.54],[92.217,11.598],[92.267,11.59]]],[[[93.042,11.961],[93.066,11.899],[93.049,11.896],[93.025,11.94],[92.947,11.99],[92.981,12.036],[93.015,12.037],[93.042,11.961]]],[[[93.103,12.19],[93.094,12.091],[93.059,12.154],[93.073,12.201],[93.103,12.19]]],[[[92.733,12.972],[92.724,12.872],[92.683,12.797],[92.67,12.868],[92.683,12.962],[92.708,12.989],[92.733,12.972]]],[[[93.053,13.284],[93.079,13.26],[93.057,13.225],[93.037,13.062],[93.02,13.034],[92.991,13.044],[92.979,13.03],[92.964,13.037],[92.964,13.085],[92.957,13.064],[92.937,13.067],[92.928,13.027],[92.953,12.971],[92.936,12.954],[92.927,12.981],[92.905,12.982],[92.876,12.917],[92.896,12.9],[92.924,12.914],[92.964,12.865],[92.957,12.783],[92.99,12.724],[92.973,12.628],[92.989,12.592],[92.991,12.519],[92.956,12.477],[92.97,12.468],[92.936,12.42],[92.895,12.455],[92.902,12.434],[92.847,12.434],[92.864,12.385],[92.915,12.338],[92.879,12.313],[92.9,12.283],[92.88,12.244],[92.894,12.205],[92.873,12.201],[92.875,12.184],[92.827,12.14],[92.834,12.118],[92.757,12.077],[92.793,12.036],[92.764,12.031],[92.741,11.984],[92.737,11.879],[92.762,11.94],[92.788,11.935],[92.799,11.899],[92.76,11.709],[92.723,11.694],[92.684,11.65],[92.683,11.615],[92.697,11.611],[92.711,11.622],[92.711,11.66],[92.731,11.653],[92.736,11.682],[92.761,11.664],[92.765,11.619],[92.717,11.494],[92.626,11.595],[92.621,11.619],[92.649,11.638],[92.62,11.651],[92.604,11.719],[92.563,11.726],[92.567,11.827],[92.525,11.857],[92.571,11.933],[92.595,11.899],[92.615,11.899],[92.618,11.866],[92.64,12.136],[92.682,12.22],[92.697,12.208],[92.721,12.227],[92.728,12.173],[92.784,12.189],[92.793,12.208],[92.782,12.249],[92.759,12.266],[92.794,12.283],[92.793,12.296],[92.734,12.318],[92.718,12.362],[92.722,12.599],[92.755,12.65],[92.783,12.665],[92.748,12.693],[92.737,12.807],[92.765,12.845],[92.786,12.84],[92.8,12.858],[92.813,12.958],[92.835,13.002],[92.808,13.02],[92.854,13.146],[92.834,13.174],[92.843,13.227],[92.864,13.236],[92.847,13.345],[92.891,13.401],[92.895,13.455],[92.943,13.509],[92.95,13.545],[93.012,13.551],[93.012,13.578],[93.042,13.571],[93.066,13.537],[93.054,13.471],[93.06,13.407],[93.08,13.413],[93.078,13.397],[93.004,13.331],[92.995,13.357],[92.977,13.345],[92.99,13.318],[93.026,13.316],[93.053,13.284]]],[[[93.039,13.667],[93.053,13.64],[92.991,13.667],[93.033,13.68],[93.039,13.667]]],[[[88.873,21.596],[88.911,21.567],[88.908,21.531],[88.839,21.532],[88.841,21.614],[88.873,21.596]]],[[[88.051,21.705],[88.119,21.86],[88.147,21.87],[88.167,21.765],[88.163,21.705],[88.133,21.685],[88.139,21.63],[88.052,21.642],[88.051,21.705]]],[[[88.636,21.921],[88.65,21.927],[88.671,21.907],[88.646,21.788],[88.592,21.804],[88.585,21.827],[88.636,21.921]]],[[[88.081,21.849],[88.077,21.905],[88.094,21.938],[88.119,21.945],[88.133,21.92],[88.125,21.889],[88.081,21.849]]]]},"properties":{"layer":"country","name":"India"}},{"type":"Feature","geometry":{"type":"MultiPolygon","coordinates":[[[[97.323,28.217],[97.23,28.275],[97.211,28.308],[97.078,28.375],[96.966,28.33],[96.717,28.437],[96.562,28.447],[96.37,28.378],[96.302,28.421],[96.336,28.48],[96.502,28.644],[96.501,28.688],[96.598,28.71],[96.593,28.758],[96.577,28.809],[96.511,28.886],[96.492,28.948],[96.452,28.97],[96.458,28.995],[96.367,29.037],[96.249,28.945],[96.195,28.941],[96.175,29.109],[96.21,29.146],[96.316,29.172],[96.366,29.257],[96.337,29.28],[96.268,29.242],[96.235,29.241],[96.176,29.286],[96.142,29.368],[95.954,29.359],[95.863,29.324],[95.796,29.353],[95.745,29.34],[95.747,29.274],[95.717,29.218],[95.564,29.246],[95.55,29.212],[95.515,29.209],[95.521,29.138],[95.488,29.069],[95.367,29.036],[95.225,29.059],[95.2,29.094],[94.989,29.154],[94.777,29.167],[94.761,29.175],[94.768,29.214],[94.704,29.285],[94.63,29.319],[94.6,29.317],[94.515,29.221],[94.396,29.207],[94.336,29.15],[94.288,29.148],[94.271,29.098],[94.347,29.024],[94.25,28.933],[94.174,28.93],[94.135,28.898],[93.992,28.845],[93.982,28.768],[93.928,28.683],[93.863,28.705],[93.782,28.681],[93.722,28.697],[93.626,28.672],[93.446,28.672],[93.317,28.603],[93.287,28.521],[93.186,28.432],[93.218,28.395],[93.208,28.341],[92.975,28.282],[92.904,28.25],[92.835,28.184],[92.79,28.179],[92.779,28.196],[92.679,28.133],[92.639,28.057],[92.689,28.048],[92.736,27.986],[92.684,27.91],[92.636,27.895],[92.575,27.848],[92.475,27.847],[92.428,27.821],[92.393,27.856],[92.368,27.804],[92.35,27.803],[92.329,27.833],[92.304,27.786],[92.24,27.865],[92.126,27.813],[92.065,27.762],[91.989,27.769],[91.952,27.725],[91.865,27.73],[91.827,27.808],[91.73,27.804],[91.68,27.85],[91.628,27.853],[91.653,27.917],[91.622,27.951],[91.419,27.995],[91.341,28.031],[91.29,28.091],[91.27,28.073],[91.195,28.071],[91.093,27.972],[91.052,27.963],[90.975,27.982],[90.91,28.033],[90.727,28.062],[90.667,28.09],[90.575,28.066],[90.475,28.072],[90.486,28.125],[90.598,28.2],[90.588,28.233],[90.505,28.25],[90.456,28.283],[90.387,28.299],[90.354,28.299],[90.33,28.256],[90.291,28.261],[90.262,28.299],[90.262,28.335],[90.226,28.358],[90.153,28.322],[90.071,28.345],[89.863,28.296],[89.781,28.229],[89.756,28.184],[89.579,28.145],[89.459,28.048],[89.336,27.869],[89.225,27.808],[89.198,27.731],[89.125,27.615],[89.092,27.626],[89.064,27.616],[88.978,27.53],[88.983,27.493],[88.951,27.433],[88.997,27.331],[88.972,27.312],[88.915,27.331],[88.892,27.316],[88.774,27.409],[88.754,27.464],[88.758,27.511],[88.742,27.532],[88.806,27.655],[88.854,27.844],[88.852,27.877],[88.811,27.928],[88.818,27.995],[88.736,28.055],[88.652,28.069],[88.61,28.106],[88.553,28.078],[88.502,28.029],[88.456,28.032],[88.379,27.983],[88.116,27.947],[88.097,27.904],[88.118,27.861],[88.03,27.893],[87.978,27.881],[87.837,27.908],[87.78,27.839],[87.727,27.808],[87.636,27.824],[87.573,27.805],[87.532,27.837],[87.369,27.804],[87.385,27.849],[87.364,27.855],[87.291,27.816],[87.156,27.826],[87.117,27.845],[87.006,27.951],[86.915,27.945],[86.84,28.015],[86.74,28.021],[86.732,28.077],[86.68,28.106],[86.612,28.08],[86.554,28.104],[86.516,28.012],[86.51,27.952],[86.425,27.91],[86.363,27.946],[86.328,27.94],[86.278,27.984],[86.203,28.003],[86.172,28.072],[86.186,28.134],[86.156,28.157],[86.069,28.077],[86.085,28.044],[86.079,28.001],[86.098,27.986],[86.113,27.927],[86.062,27.889],[85.98,27.885],[85.951,27.916],[85.957,27.976],[85.898,28.036],[85.863,28.143],[85.734,28.222],[85.7,28.269],[85.693,28.335],[85.612,28.251],[85.565,28.275],[85.476,28.279],[85.432,28.297],[85.363,28.26],[85.313,28.283],[85.243,28.268],[85.174,28.304],[85.134,28.292],[85.087,28.304],[85.078,28.436],[85.109,28.459],[85.123,28.505],[85.154,28.525],[85.161,28.595],[85.055,28.639],[84.955,28.574],[84.928,28.538],[84.812,28.542],[84.756,28.585],[84.678,28.604],[84.683,28.651],[84.633,28.669],[84.616,28.694],[84.451,28.734],[84.423,28.799],[84.377,28.849],[84.235,28.9],[84.207,28.941],[84.231,29.026],[84.175,29.057],[84.166,29.098],[84.132,29.144],[84.162,29.193],[84.155,29.207],[84.112,29.209],[84.09,29.257],[84.035,29.248],[84.013,29.27],[83.976,29.264],[83.958,29.289],[83.914,29.289],[83.793,29.235],[83.695,29.226],[83.639,29.155],[83.524,29.184],[83.503,29.261],[83.393,29.356],[83.387,29.394],[83.357,29.415],[83.355,29.461],[83.328,29.485],[83.264,29.473],[83.247,29.495],[83.261,29.542],[83.174,29.621],[83.093,29.615],[83.08,29.58],[83.065,29.579],[82.976,29.664],[82.932,29.664],[82.9,29.688],[82.837,29.66],[82.691,29.781],[82.689,29.828],[82.619,29.84],[82.542,29.923],[82.457,29.954],[82.394,30.003],[82.347,30.003],[82.319,30.032],[82.256,30.04],[82.211,30.064],[82.154,30.058],[82.128,30.124],[82.156,30.181],[82.085,30.231],[82.093,30.315],[82.073,30.337],[81.969,30.328],[81.941,30.354],[81.844,30.371],[81.779,30.358],[81.614,30.417],[81.537,30.379],[81.509,30.328],[81.463,30.341],[81.426,30.373],[81.388,30.374],[81.368,30.301],[81.378,30.233],[81.35,30.157],[81.322,30.134],[81.267,30.125],[81.272,30.08],[81.226,30.05],[81.217,30.008],[81.098,30.017],[80.976,30.255],[80.782,30.321],[80.723,30.392],[80.596,30.46],[80.508,30.462],[80.326,30.547],[80.253,30.565],[80.18,30.559],[80.203,30.606],[80.167,30.674],[80.207,30.686],[80.231,30.725],[80.157,30.793],[80.092,30.775],[80.063,30.785],[80.029,30.831],[79.903,30.89],[79.834,30.962],[79.739,30.979],[79.63,30.963],[79.578,30.938],[79.513,30.966],[79.476,31.014],[79.402,31.024],[79.367,31.112],[79.319,31.142],[79.288,31.225],[79.253,31.245],[79.262,31.279],[79.238,31.33],[79.131,31.438],[79.07,31.461],[78.921,31.27],[78.862,31.291],[78.784,31.288],[78.745,31.308],[78.763,31.445],[78.695,31.488],[78.7,31.51],[78.819,31.607],[78.758,31.667],[78.724,31.673],[78.693,31.719],[78.696,31.747],[78.671,31.771],[78.745,31.964],[78.722,31.995],[78.649,32.036],[78.513,32.208],[78.458,32.23],[78.463,32.282],[78.435,32.384],[78.452,32.417],[78.381,32.528],[78.385,32.548],[78.408,32.558],[78.63,32.578],[78.713,32.638],[78.751,32.613],[78.737,32.546],[78.771,32.462],[78.911,32.355],[78.943,32.346],[79.028,32.377],[79.075,32.371],[79.113,32.472],[79.287,32.533],[79.32,32.592],[79.379,32.576],[79.407,32.53],[79.443,32.535],[79.516,32.608],[79.531,32.648],[79.576,32.671],[79.621,32.729],[79.614,32.765],[79.564,32.794],[79.414,32.972],[79.334,32.994],[79.34,33.013],[79.399,33.027],[79.373,33.112],[79.423,33.158],[79.456,33.25],[79.42,33.275],[79.26,33.292],[79.098,33.288],[78.965,33.344],[78.918,33.386],[78.91,33.494],[78.887,33.567],[78.896,33.62],[78.945,33.634],[79.003,33.619],[79.013,33.634],[78.991,33.752],[78.945,33.8],[78.888,33.946],[78.903,33.983],[78.935,34.007],[79.071,33.995],[79.132,34.026],[79.376,34.011],[79.406,34.022],[79.495,34.106],[79.488,34.182],[79.533,34.184],[79.552,34.21],[79.509,34.392],[79.523,34.426],[79.67,34.407],[79.713,34.415],[79.737,34.463],[79.702,34.5],[79.702,34.52],[79.731,34.545],[79.813,34.565],[79.867,34.658],[79.996,34.647],[80.05,34.673],[80.086,34.777],[80.078,34.837],[80.163,34.951],[80.188,35.151],[80.261,35.27],[80.255,35.313],[80.278,35.345],[80.284,35.446],[80.326,35.467],[80.292,35.607],[80.178,35.667],[80.111,35.68],[80.005,35.839],[79.919,35.822],[79.876,35.785],[79.738,35.802],[79.461,35.886],[79.428,35.909],[79.424,35.94],[79.4,35.962],[79.324,35.98],[79.184,35.941],[79.194,35.887],[79.133,35.836],[79.028,35.852],[78.971,35.887],[78.665,35.853],[78.545,35.781],[78.435,35.761],[78.276,35.695],[78.229,35.647],[78.162,35.624],[78.102,35.538],[77.955,35.562],[77.915,35.494],[77.89,35.482],[77.76,35.498],[77.661,35.458],[77.52,35.477],[77.509,35.58],[77.469,35.652],[77.421,35.64],[77.349,35.72],[77.209,35.71],[77.09,35.74],[77.069,35.78],[77.009,35.82],[76.839,35.86],[76.779,35.91],[76.779,36.04],[76.759,36.11],[76.719,36.16],[76.669,36.19],[76.568,36.19],[76.469,36.22],[76.429,36.24],[76.389,36.31],[76.319,36.33],[76.239,36.32],[76.149,36.425],[75.981,36.445],[75.875,36.619],[75.729,36.723],[75.571,36.767],[75.508,36.748],[75.493,36.721],[75.432,36.723],[75.411,36.747],[75.378,36.894],[75.313,36.929],[75.195,36.949],[75.119,36.991],[74.942,36.977],[74.91,36.963],[74.872,36.907],[74.853,36.959],[74.793,37.015],[74.719,37.016],[74.662,37.054],[74.542,37.022],[74.519,37.03],[74.477,37.083],[74.383,37.127],[74.368,37.167],[74.457,37.177],[74.5,37.232],[74.59,37.243],[74.623,37.231],[74.721,37.298],[74.737,37.296],[74.794,37.214],[74.892,37.231],[74.952,37.281],[75.068,37.312],[75.092,37.378],[75.164,37.401],[75.053,37.494],[74.945,37.549],[74.892,37.599],[74.886,37.653],[74.965,37.767],[74.949,37.795],[74.886,37.831],[74.914,37.881],[74.891,37.898],[74.893,37.994],[74.88,38.022],[74.81,38.053],[74.791,38.081],[74.771,38.292],[74.784,38.326],[74.838,38.379],[74.844,38.417],[74.833,38.464],[74.786,38.5],[101.0,38.5],[101.0,21.716],[100.835,21.658],[100.704,21.516],[100.622,21.469],[100.457,21.455],[100.399,21.519],[100.342,21.53],[100.29,21.483],[100.187,21.428],[100.162,21.436],[100.09,21.529],[100.095,21.599],[100.144,21.64],[100.143,21.655],[100.082,21.684],[99.997,21.686],[99.95,21.721],[99.918,21.829],[99.966,21.963],[99.934,22.019],[99.942,22.046],[99.848,22.055],[99.842,22.027],[99.821,22.018],[99.724,22.071],[99.684,22.039],[99.634,22.085],[99.539,22.107],[99.49,22.104],[99.439,22.124],[99.365,22.099],[99.253,22.103],[99.166,22.132],[99.144,22.154],[99.175,22.169],[99.159,22.185],[99.244,22.341],[99.243,22.393],[99.283,22.412],[99.358,22.495],[99.344,22.533],[99.355,22.609],[99.308,22.745],[99.359,22.775],[99.414,22.857],[99.413,22.931],[99.515,22.909],[99.538,22.926],[99.49,23.012],[99.493,23.057],[99.403,23.068],[99.334,23.13],[99.217,23.057],[99.194,23.096],[99.055,23.11],[99.026,23.16],[98.859,23.179],[98.86,23.212],[98.911,23.298],[98.897,23.323],[98.853,23.325],[98.89,23.368],[98.89,23.407],[98.864,23.467],[98.849,23.48],[98.8,23.481],[98.781,23.533],[98.856,23.61],[98.8,23.693],[98.793,23.758],[98.664,23.797],[98.675,23.937],[98.659,23.961],[98.856,24.084],[98.873,24.114],[98.866,24.146],[98.716,24.121],[98.585,24.076],[98.503,24.121],[98.435,24.13],[98.331,24.099],[98.182,24.119],[98.105,24.102],[97.89,24.023],[97.818,23.958],[97.768,23.946],[97.625,23.847],[97.61,23.883],[97.516,23.943],[97.72,24.147],[97.702,24.211],[97.724,24.242],[97.718,24.278],[97.645,24.302],[97.638,24.328],[97.69,24.346],[97.647,24.432],[97.513,24.439],[97.539,24.597],[97.533,24.723],[97.536,24.745],[97.664,24.83],[97.765,24.835],[97.773,24.855],[97.708,24.927],[97.7,25.065],[97.754,25.114],[97.801,25.238],[97.824,25.262],[97.86,25.244],[97.889,25.206],[97.91,25.208],[97.976,25.272],[98.045,25.312],[98.076,25.376],[98.112,25.396],[98.1,25.5],[98.134,25.535],[98.14,25.611],[98.232,25.587],[98.277,25.552],[98.312,25.557],[98.347,25.578],[98.419,25.724],[98.498,25.831],[98.527,25.839],[98.61,25.801],[98.685,25.853],[98.69,25.892],[98.616,25.979],[98.582,25.982],[98.546,26.106],[98.563,26.131],[98.619,26.146],[98.624,26.108],[98.644,26.098],[98.681,26.125],[98.706,26.175],[98.677,26.239],[98.642,26.255],[98.658,26.312],[98.713,26.389],[98.721,26.539],[98.756,26.625],[98.732,26.714],[98.75,26.792],[98.715,26.862],[98.736,26.898],[98.713,26.995],[98.738,27.049],[98.731,27.069],[98.691,27.092],[98.673,27.176],[98.708,27.337],[98.674,27.387],[98.682,27.556],[98.666,27.597],[98.635,27.611],[98.578,27.592],[98.522,27.656],[98.492,27.643],[98.41,27.684],[98.383,27.556],[98.364,27.532],[98.329,27.523],[98.295,27.537],[98.254,27.648],[98.204,27.727],[98.197,27.823],[98.14,27.879],[98.177,27.898],[98.177,27.913],[98.107,27.973],[98.123,28.015],[98.119,28.141],[98.049,28.2],[97.991,28.214],[97.993,28.269],[97.945,28.299],[97.898,28.355],[97.859,28.37],[97.797,28.344],[97.765,28.352],[97.7,28.488],[97.67,28.511],[97.614,28.482],[97.546,28.538],[97.528,28.53],[97.445,28.383],[97.448,28.298],[97.384,28.285],[97.37,28.253],[97.323,28.217]]]]},"properties":{"layer":"neighbour","name":"China"}},{"type":"Feature","geometry":{"type":"MultiPolygon","coordinates":[[[[90.475,28.072],[90.575,28.066],[90.667,28.09],[90.727,28.062],[90.91,28.033],[90.975,27.982],[91.052,27.963],[91.093,27.972],[91.195,28.071],[91.27,28.073],[91.29,28.091],[91.341,28.031],[91.419,27.995],[91.638,27.94],[91.653,27.917],[91.628,27.853],[91.564,27.851],[91.566,27.821],[91.636,27.783],[91.627,27.716],[91.58,27.658],[91.573,27.62],[91.595,27.546],[91.657,27.479],[91.727,27.46],[91.975,27.472],[92.024,27.447],[92.089,27.292],[92.037,27.236],[91.996,27.158],[91.988,27.104],[92.067,26.995],[92.084,26.937],[92.073,26.888],[92.036,26.855],[91.975,26.847],[91.926,26.879],[91.893,26.881],[91.896,26.854],[91.874,26.844],[91.886,26.831],[91.879,26.803],[91.863,26.805],[91.844,26.849],[91.825,26.858],[91.702,26.803],[91.594,26.811],[91.521,26.798],[91.475,26.866],[91.42,26.872],[91.388,26.858],[91.346,26.795],[91.297,26.775],[91.198,26.802],[91.062,26.805],[91.007,26.782],[90.717,26.767],[90.588,26.78],[90.383,26.892],[90.349,26.897],[90.284,26.857],[90.211,26.851],[90.177,26.832],[90.152,26.772],[90.127,26.751],[89.89,26.715],[89.835,26.732],[89.814,26.696],[89.685,26.725],[89.61,26.712],[89.598,26.721],[89.611,26.766],[89.586,26.784],[89.505,26.804],[89.443,26.797],[89.342,26.854],[89.274,26.844],[89.213,26.813],[89.097,26.821],[89.061,26.881],[89.022,26.913],[88.932,26.919],[88.907,26.981],[88.852,26.945],[88.846,27.05],[88.828,27.098],[88.73,27.151],[88.754,27.213],[88.801,27.256],[88.885,27.286],[88.892,27.316],[88.915,27.331],[88.972,27.312],[88.997,27.331],[88.951,27.433],[88.983,27.493],[88.978,27.53],[89.064,27.616],[89.092,27.626],[89.125,27.615],[89.198,27.731],[89.225,27.808],[89.336,27.869],[89.445,28.031],[89.561,28.135],[89.756,28.184],[89.781,28.229],[89.863,28.296],[89.916,28.316],[89.953,28.308],[90.071,28.345],[90.153,28.322],[90.226,28.358],[90.262,28.335],[90.262,28.299],[90.291,28.261],[90.33,28.256],[90.354,28.299],[90.387,28.299],[90.456,28.283],[90.505,28.25],[90.588,28.233],[90.598,28.2],[90.486,28.125],[90.475,28.072]]]]},"properties":{"layer":"neighbour","name":"Bhutan"}},{"type":"Feature","geometry":{"type":"MultiPolygon","coordinates":[[[[92.576,21.978],[92.651,22.019],[92.684,22.154],[92.836,22.047],[92.877,21.957],[92.906,22.017],[92.921,22.022],[92.968,21.987],[92.98,22.002],[92.967,22.063],[92.985,22.096],[93.025,22.113],[93.025,22.202],[93.142,22.187],[93.124,22.231],[93.174,22.259],[93.166,22.387],[93.099,22.512],[93.111,22.596],[93.074,22.672],[93.08,22.773],[93.116,22.798],[93.176,22.882],[93.138,23.005],[93.152,23.05],[93.197,23.054],[93.247,23.004],[93.273,23.006],[93.318,23.034],[93.375,23.13],[93.378,23.297],[93.407,23.347],[93.4,23.454],[93.432,23.647],[93.426,23.691],[93.375,23.739],[93.356,23.907],[93.303,23.995],[93.303,24.041],[93.322,24.08],[93.368,24.078],[93.457,23.96],[93.543,23.981],[93.571,23.968],[93.612,24.009],[93.711,24.005],[93.743,23.995],[93.804,23.936],[93.912,23.939],[94.055,23.888],[94.1,23.843],[94.132,23.857],[94.135,23.919],[94.19,23.995],[94.295,24.333],[94.331,24.363],[94.329,24.394],[94.361,24.425],[94.364,24.466],[94.397,24.495],[94.418,24.56],[94.475,24.597],[94.516,24.705],[94.556,24.709],[94.582,24.73],[94.599,24.813],[94.655,24.889],[94.674,24.975],[94.709,25.026],[94.707,25.11],[94.689,25.139],[94.577,25.174],[94.553,25.204],[94.55,25.245],[94.608,25.395],[94.659,25.456],[94.764,25.492],[94.822,25.559],[94.86,25.567],[94.853,25.586],[94.961,25.718],[95.009,25.737],[95.001,25.922],[95.066,25.954],[95.151,26.05],[95.137,26.083],[95.088,26.104],[95.078,26.171],[95.094,26.195],[95.059,26.218],[95.042,26.288],[95.066,26.407],[95.041,26.476],[95.11,26.551],[95.133,26.621],[95.173,26.634],[95.205,26.668],[95.261,26.648],[95.411,26.702],[95.49,26.811],[95.575,26.816],[95.624,26.881],[95.699,26.896],[95.778,26.995],[95.861,27.014],[95.916,27.051],[96.013,27.191],[96.143,27.258],[96.408,27.298],[96.511,27.292],[96.547,27.306],[96.587,27.354],[96.649,27.336],[96.705,27.361],[96.776,27.331],[96.854,27.249],[96.843,27.189],[96.865,27.172],[97.038,27.087],[97.119,27.087],[97.135,27.127],[97.104,27.156],[97.101,27.183],[96.881,27.444],[96.888,27.507],[96.862,27.599],[96.884,27.636],[96.991,27.727],[97.057,27.747],[97.065,27.774],[97.223,27.9],[97.276,27.91],[97.293,27.878],[97.334,27.894],[97.362,27.995],[97.355,28.023],[97.293,28.095],[97.329,28.19],[97.323,28.217],[97.37,28.253],[97.384,28.285],[97.448,28.298],[97.445,28.383],[97.528,28.53],[97.546,28.538],[97.614,28.482],[97.67,28.511],[97.7,28.488],[97.765,28.352],[97.797,28.344],[97.859,28.37],[97.898,28.355],[97.945,28.299],[97.993,28.269],[97.991,28.214],[98.049,28.2],[98.119,28.141],[98.123,28.015],[98.107,27.973],[98.177,27.913],[98.177,27.898],[98.14,27.879],[98.197,27.823],[98.204,27.727],[98.254,27.648],[98.295,27.537],[98.329,27.523],[98.364,27.532],[98.383,27.556],[98.41,27.684],[98.492,27.643],[98.522,27.656],[98.578,27.592],[98.647,27.612],[98.679,27.577],[98.674,27.387],[98.708,27.337],[98.673,27.176],[98.691,27.092],[98.731,27.069],[98.738,27.049],[98.713,26.995],[98.736,26.898],[98.715,26.862],[98.75,26.792],[98.732,26.714],[98.756,26.625],[98.721,26.539],[98.713,26.389],[98.658,26.312],[98.642,26.255],[98.677,26.239],[98.706,26.175],[98.681,26.125],[98.644,26.098],[98.624,26.108],[98.619,26.146],[98.563,26.131],[98.546,26.106],[98.582,25.982],[98.625,25.97],[98.69,25.892],[98.69,25.866],[98.61,25.801],[98.527,25.839],[98.498,25.831],[98.419,25.724],[98.347,25.578],[98.312,25.557],[98.277,25.552],[98.232,25.587],[98.14,25.611],[98.134,25.535],[98.1,25.5],[98.112,25.396],[98.076,25.376],[98.045,25.312],[97.976,25.272],[97.91,25.208],[97.889,25.206],[97.86,25.244],[97.824,25.262],[97.801,25.238],[97.754,25.114],[97.7,25.065],[97.708,24.927],[97.773,24.855],[97.765,24.835],[97.664,24.83],[97.536,24.745],[97.533,24.723],[97.539,24.597],[97.513,24.439],[97.647,24.432],[97.69,24.346],[97.638,24.328],[97.645,24.302],[97.718,24.278],[97.724,24.242],[97.702,24.211],[97.72,24.147],[97.516,23.943],[97.61,23.883],[97.625,23.847],[97.768,23.946],[97.818,23.958],[97.89,24.023],[98.105,24.102],[98.182,24.119],[98.331,24.099],[98.435,24.13],[98.503,24.121],[98.585,24.076],[98.716,24.121],[98.866,24.146],[98.873,24.114],[98.856,24.084],[98.659,23.961],[98.675,23.937],[98.664,23.797],[98.793,23.758],[98.8,23.693],[98.856,23.61],[98.781,23.533],[98.8,23.481],[98.849,23.48],[98.864,23.467],[98.89,23.407],[98.89,23.368],[98.853,23.325],[98.897,23.323],[98.911,23.298],[98.86,23.212],[98.859,23.179],[99.026,23.16],[99.055,23.11],[99.194,23.096],[99.217,23.057],[99.334,23.13],[99.403,23.068],[99.493,23.057],[99.49,23.012],[99.538,22.926],[99.515,22.909],[99.413,22.931],[99.414,22.857],[99.359,22.775],[99.308,22.745],[99.355,22.609],[99.344,22.533],[99.358,22.495],[99.283,22.412],[99.243,22.393],[99.244,22.341],[99.159,22.185],[99.175,22.169],[99.144,22.154],[99.166,22.132],[99.253,22.103],[99.365,22.099],[99.439,22.124],[99.49,22.104],[99.539,22.107],[99.634,22.085],[99.684,22.039],[99.724,22.071],[99.821,22.018],[99.842,22.027],[99.848,22.055],[99.942,22.046],[99.934,22.019],[99.966,21.963],[99.918,21.829],[99.95,21.721],[99.997,21.686],[100.082,21.684],[100.143,21.655],[100.144,21.64],[100.095,21.599],[100.09,21.529],[100.162,21.436],[100.187,21.428],[100.29,21.483],[100.342,21.53],[100.399,21.519],[100.457,21.455],[100.622,21.469],[100.704,21.516],[100.835,21.658],[101.0,21.716],[101.0,21.404],[100.815,21.3],[100.725,21.312],[100.689,21.159],[100.626,21.054],[100.543,21.027],[100.557,20.992],[100.529,20.968],[100.516,20.886],[100.534,20.874],[100.652,20.883],[100.627,20.854],[100.537,20.808],[100.365,20.828],[100.211,20.697],[100.149,20.548],[100.099,20.318],[100.036,20.373],[99.986,20.387],[99.937,20.445],[99.838,20.417],[99.787,20.334],[99.652,20.307],[99.503,20.345],[99.44,20.382],[99.421,20.376],[99.466,20.322],[99.486,20.245],[99.526,20.196],[99.51,20.154],[99.441,20.102],[99.296,20.062],[99.178,20.122],[99.073,20.101],[99.017,20.041],[99.001,19.821],[98.974,19.788],[98.899,19.749],[98.884,19.745],[98.852,19.784],[98.808,19.807],[98.749,19.763],[98.624,19.738],[98.533,19.676],[98.489,19.707],[98.44,19.688],[98.307,19.69],[98.238,19.665],[98.219,19.677],[98.213,19.718],[98.111,19.777],[98.073,19.777],[98.046,19.808],[98.025,19.803],[98.005,19.724],[98.008,19.639],[97.886,19.573],[97.849,19.568],[97.842,19.479],[97.767,19.398],[97.806,19.301],[97.798,19.281],[97.764,19.266],[97.813,19.208],[97.811,19.112],[97.728,19.037],[97.703,18.964],[97.658,18.926],[97.723,18.852],[97.76,18.623],[97.746,18.571],[97.618,18.553],[97.51,18.491],[97.427,18.49],[97.389,18.542],[97.351,18.551],[97.443,18.403],[97.453,18.334],[97.486,18.292],[97.528,18.265],[97.574,18.333],[97.638,18.306],[97.643,18.273],[97.618,18.242],[97.684,18.146],[97.694,18.062],[97.72,18.053],[97.754,17.969],[97.72,17.943],[97.686,17.881],[97.699,17.833],[97.676,17.83],[97.75,17.74],[97.759,17.691],[97.934,17.532],[97.983,17.505],[98.035,17.405],[98.089,17.373],[98.093,17.312],[98.279,17.137],[98.268,17.108],[98.294,17.108],[98.286,17.087],[98.3,17.065],[98.418,17.029],[98.475,16.95],[98.484,16.906],[98.509,16.893],[98.525,16.85],[98.501,16.862],[98.49,16.843],[98.518,16.803],[98.475,16.777],[98.457,16.723],[98.486,16.701],[98.512,16.643],[98.562,16.602],[98.564,16.552],[98.632,16.463],[98.629,16.403],[98.663,16.287],[98.682,16.273],[98.789,16.375],[98.819,16.456],[98.84,16.472],[98.843,16.438],[98.903,16.382],[98.884,16.259],[98.843,16.209],[98.835,16.145],[98.807,16.111],[98.783,16.102],[98.758,16.119],[98.68,16.126],[98.659,16.116],[98.619,16.051],[98.547,16.047],[98.584,15.977],[98.569,15.92],[98.574,15.836],[98.54,15.712],[98.567,15.453],[98.56,15.355],[98.534,15.326],[98.515,15.363],[98.475,15.383],[98.403,15.36],[98.399,15.322],[98.377,15.296],[98.395,15.28],[98.385,15.256],[98.283,15.29],[98.233,15.227],[98.177,15.221],[98.191,15.179],[98.16,15.106],[98.199,15.051],[98.191,14.988],[98.222,14.921],[98.243,14.805],[98.297,14.721],[98.418,14.608],[98.548,14.378],[98.601,14.314],[98.67,14.268],[98.707,14.27],[98.754,14.2],[98.872,14.112],[98.935,14.085],[98.953,14.028],[99.007,13.95],[99.09,13.87],[99.101,13.779],[99.153,13.715],[99.152,13.582],[99.188,13.427],[99.187,13.329],[99.173,13.301],[99.19,13.23],[99.173,13.2],[99.114,13.188],[99.102,13.171],[99.093,13.038],[99.165,12.976],[99.153,12.914],[99.175,12.833],[99.211,12.792],[99.224,12.717],[99.267,12.703],[99.277,12.666],[99.403,12.576],[99.404,12.508],[99.387,12.466],[99.474,12.187],[99.452,12.129],[99.542,12.141],[99.518,12.026],[99.574,11.976],[99.561,11.873],[99.63,11.816],[99.607,11.726],[99.543,11.64],[99.45,11.614],[99.428,11.497],[99.387,11.452],[99.364,11.377],[99.243,11.198],[99.213,11.108],[99.077,10.997],[99.055,10.945],[99.006,10.959],[98.992,10.948],[98.98,10.908],[98.99,10.86],[98.974,10.824],[98.892,10.809],[98.868,10.77],[98.83,10.764],[98.767,10.689],[98.748,10.623],[98.777,10.583],[98.79,10.5],[98.747,10.351],[98.719,10.313],[98.696,10.224],[98.543,9.987],[98.521,10.029],[98.514,10.147],[98.49,10.198],[98.528,10.364],[98.494,10.452],[98.495,10.557],[98.463,10.63],[98.459,10.715],[98.464,10.729],[98.498,10.732],[98.528,10.693],[98.538,10.719],[98.521,10.741],[98.544,10.745],[98.563,10.727],[98.6,10.805],[98.597,10.837],[98.631,10.851],[98.586,10.861],[98.582,10.882],[98.648,10.919],[98.673,10.905],[98.712,10.924],[98.72,10.981],[98.693,11.008],[98.722,11.045],[98.707,11.098],[98.676,11.101],[98.658,11.132],[98.724,11.156],[98.759,11.269],[98.722,11.35],[98.727,11.385],[98.698,11.388],[98.715,11.443],[98.775,11.454],[98.754,11.522],[98.729,11.518],[98.718,11.532],[98.736,11.642],[98.752,11.682],[98.817,11.677],[98.823,11.708],[98.892,11.694],[98.877,11.723],[98.805,11.737],[98.783,11.755],[98.826,11.826],[98.809,11.851],[98.816,11.834],[98.768,11.762],[98.744,11.763],[98.712,11.737],[98.703,11.697],[98.674,11.685],[98.61,11.731],[98.606,11.769],[98.632,11.793],[98.604,11.804],[98.624,11.83],[98.651,11.83],[98.681,11.877],[98.707,11.879],[98.694,11.893],[98.549,11.879],[98.578,11.907],[98.664,11.92],[98.691,11.954],[98.72,11.964],[98.721,11.998],[98.703,12.048],[98.713,12.064],[98.665,12.06],[98.634,12.09],[98.63,12.132],[98.71,12.204],[98.703,12.238],[98.663,12.237],[98.597,12.194],[98.563,12.208],[98.539,12.242],[98.568,12.291],[98.677,12.315],[98.707,12.348],[98.605,12.429],[98.616,12.486],[98.701,12.499],[98.71,12.512],[98.64,12.532],[98.623,12.558],[98.651,12.622],[98.673,12.625],[98.668,12.675],[98.693,12.725],[98.648,12.723],[98.645,12.742],[98.679,12.756],[98.618,12.766],[98.651,12.797],[98.634,12.879],[98.59,12.92],[98.614,12.954],[98.584,13.027],[98.578,13.187],[98.5,13.249],[98.49,13.298],[98.48,13.284],[98.46,13.356],[98.473,13.413],[98.453,13.379],[98.445,13.424],[98.419,13.455],[98.426,13.49],[98.336,13.599],[98.288,13.695],[98.302,13.701],[98.245,13.714],[98.254,13.852],[98.234,13.917],[98.234,14.003],[98.192,14.065],[98.179,14.02],[98.199,13.993],[98.198,13.965],[98.18,13.925],[98.199,13.869],[98.179,13.732],[98.196,13.668],[98.168,13.584],[98.187,13.544],[98.171,13.538],[98.151,13.558],[98.144,13.537],[98.13,13.582],[98.151,13.606],[98.137,13.627],[98.158,13.642],[98.151,13.674],[98.169,13.681],[98.103,13.701],[98.117,13.729],[98.092,13.74],[98.083,13.77],[98.089,13.795],[98.11,13.79],[98.111,13.902],[98.082,13.924],[98.062,14.01],[98.108,14.11],[98.096,14.168],[98.11,14.168],[98.042,14.243],[97.993,14.331],[97.98,14.397],[98.0,14.469],[97.966,14.448],[97.914,14.587],[97.925,14.613],[97.886,14.656],[97.904,14.709],[97.943,14.72],[97.992,14.664],[98.028,14.648],[97.982,14.715],[98.0,14.722],[97.965,14.747],[97.973,14.764],[97.95,14.799],[97.931,14.752],[97.897,14.798],[97.902,14.738],[97.875,14.717],[97.85,14.724],[97.795,14.88],[97.813,14.983],[97.774,15.017],[97.808,15.031],[97.795,15.058],[97.823,15.209],[97.769,15.223],[97.726,15.34],[97.761,15.394],[97.795,15.408],[97.761,15.491],[97.774,15.531],[97.743,15.604],[97.744,15.665],[97.726,15.701],[97.734,15.726],[97.713,15.757],[97.727,15.843],[97.706,15.86],[97.712,15.888],[97.691,15.912],[97.576,16.017],[97.569,16.062],[97.62,16.125],[97.651,16.271],[97.623,16.394],[97.637,16.477],[97.674,16.533],[97.74,16.559],[97.713,16.58],[97.63,16.532],[97.423,16.523],[97.37,16.484],[97.33,16.68],[97.311,16.652],[97.286,16.659],[97.255,16.698],[97.23,16.769],[97.24,16.875],[97.219,16.826],[97.209,16.833],[97.219,16.901],[97.192,16.901],[97.183,16.922],[97.198,17.013],[97.157,17.087],[97.174,17.112],[97.234,17.095],[97.261,17.107],[97.203,17.132],[97.158,17.129],[97.131,17.079],[97.1,17.134],[97.11,17.189],[97.089,17.194],[97.069,17.251],[97.007,17.278],[97.013,17.299],[96.896,17.385],[96.883,17.457],[96.856,17.388],[96.842,17.409],[96.822,17.395],[96.911,17.317],[96.911,17.285],[96.849,17.213],[96.856,17.169],[96.91,17.067],[96.911,17.025],[96.879,16.935],[96.835,16.936],[96.856,16.901],[96.808,16.909],[96.844,16.874],[96.847,16.845],[96.811,16.765],[96.789,16.756],[96.801,16.737],[96.716,16.658],[96.679,16.575],[96.616,16.518],[96.436,16.478],[96.357,16.518],[96.266,16.597],[96.226,16.761],[96.287,16.813],[96.258,16.816],[96.207,16.777],[96.171,16.772],[96.241,16.65],[96.235,16.576],[96.336,16.439],[96.321,16.415],[96.285,16.366],[96.119,16.322],[96.077,16.361],[96.007,16.387],[96.067,16.336],[96.068,16.31],[95.98,16.223],[95.942,16.219],[95.951,16.258],[95.908,16.212],[95.883,16.209],[95.89,16.244],[95.798,16.145],[95.756,16.145],[95.725,16.223],[95.732,16.127],[95.697,16.066],[95.687,15.988],[95.665,15.949],[95.523,15.804],[95.416,15.723],[95.311,15.723],[95.288,15.74],[95.283,15.838],[95.313,15.867],[95.314,15.901],[95.339,15.922],[95.364,15.985],[95.368,16.039],[95.345,16.105],[95.362,16.148],[95.327,16.107],[95.349,16.042],[95.342,15.984],[95.297,15.903],[95.252,15.868],[95.239,15.894],[95.276,15.971],[95.273,16.004],[95.224,15.919],[95.213,15.787],[95.174,15.778],[95.126,15.818],[95.115,15.894],[95.138,16.007],[95.129,16.039],[95.108,15.984],[95.098,16.025],[95.138,16.1],[95.226,16.12],[95.184,16.141],[95.149,16.132],[95.136,16.148],[95.071,16.075],[95.073,15.971],[95.055,15.846],[95.034,15.806],[94.998,15.795],[94.976,15.764],[94.847,15.791],[94.896,15.847],[94.883,15.867],[94.853,15.84],[94.835,15.949],[94.863,15.992],[94.921,16.019],[94.924,16.039],[94.889,16.017],[94.863,16.128],[94.9,16.184],[94.959,16.201],[94.992,16.251],[94.967,16.22],[94.893,16.206],[94.855,16.16],[94.848,16.097],[94.869,16.041],[94.846,16.0],[94.787,15.962],[94.721,15.857],[94.659,15.854],[94.636,15.908],[94.622,15.892],[94.601,15.921],[94.703,15.982],[94.732,16.017],[94.742,16.067],[94.794,16.162],[94.766,16.139],[94.705,16.021],[94.615,15.944],[94.567,15.935],[94.562,15.962],[94.642,16.045],[94.679,16.121],[94.684,16.209],[94.665,16.258],[94.705,16.353],[94.732,16.361],[94.706,16.473],[94.732,16.525],[94.697,16.508],[94.677,16.532],[94.684,16.364],[94.628,16.26],[94.582,16.243],[94.636,16.326],[94.63,16.344],[94.584,16.275],[94.521,16.295],[94.507,16.19],[94.428,16.074],[94.361,16.049],[94.34,15.996],[94.287,15.998],[94.251,15.968],[94.24,15.976],[94.21,16.029],[94.215,16.158],[94.238,16.273],[94.235,16.348],[94.259,16.387],[94.273,16.466],[94.268,16.527],[94.273,16.538],[94.331,16.529],[94.341,16.548],[94.346,16.592],[94.328,16.606],[94.362,16.635],[94.364,16.701],[94.403,16.788],[94.382,16.901],[94.423,16.901],[94.465,16.95],[94.444,16.95],[94.458,17.06],[94.489,17.124],[94.486,17.141],[94.458,17.154],[94.454,17.18],[94.465,17.189],[94.511,17.169],[94.538,17.187],[94.509,17.23],[94.512,17.275],[94.545,17.296],[94.546,17.32],[94.594,17.292],[94.553,17.556],[94.56,17.582],[94.615,17.546],[94.591,17.593],[94.595,17.615],[94.563,17.662],[94.544,17.748],[94.502,17.787],[94.483,17.902],[94.444,17.988],[94.492,18.026],[94.491,18.072],[94.423,18.242],[94.328,18.259],[94.331,18.303],[94.389,18.286],[94.417,18.314],[94.39,18.363],[94.351,18.375],[94.331,18.426],[94.259,18.509],[94.245,18.539],[94.262,18.545],[94.249,18.639],[94.149,18.731],[94.279,18.739],[94.252,18.752],[94.212,18.742],[94.153,18.821],[94.149,18.868],[94.135,18.82],[94.12,18.817],[94.038,18.859],[94.037,18.918],[94.053,18.937],[94.041,18.998],[94.066,19.043],[94.06,19.064],[94.094,19.087],[94.047,19.081],[94.029,19.095],[94.033,19.169],[94.053,19.221],[94.046,19.305],[94.07,19.351],[94.067,19.389],[94.025,19.287],[94.033,19.205],[93.973,19.146],[93.947,19.16],[93.937,19.205],[93.925,19.21],[93.91,19.191],[93.955,19.127],[93.952,19.032],[93.984,18.968],[93.974,18.923],[93.937,18.889],[93.944,18.868],[93.93,18.859],[93.814,18.944],[93.735,18.981],[93.704,19.018],[93.679,19.02],[93.642,19.134],[93.594,19.177],[93.487,19.334],[93.491,19.408],[93.553,19.431],[93.568,19.407],[93.611,19.403],[93.637,19.349],[93.621,19.334],[93.718,19.293],[93.723,19.268],[93.755,19.247],[93.834,19.238],[93.93,19.3],[93.987,19.387],[93.984,19.464],[93.924,19.462],[93.919,19.484],[93.937,19.492],[93.882,19.502],[93.731,19.633],[93.756,19.661],[93.8,19.656],[93.794,19.674],[93.827,19.719],[93.807,19.746],[93.784,19.691],[93.761,19.675],[93.721,19.685],[93.709,19.714],[93.719,19.744],[93.752,19.766],[93.722,19.769],[93.694,19.725],[93.648,19.725],[93.636,19.76],[93.601,19.719],[93.606,19.796],[93.661,19.871],[93.738,19.882],[93.726,19.906],[93.74,19.925],[93.718,19.938],[93.708,19.917],[93.611,19.91],[93.581,19.881],[93.547,19.903],[93.566,19.917],[93.518,19.94],[93.532,19.951],[93.512,19.97],[93.532,19.985],[93.526,19.999],[93.492,19.965],[93.47,19.985],[93.457,19.954],[93.423,19.965],[93.382,20.089],[93.362,20.026],[93.341,20.102],[93.313,20.065],[93.272,20.048],[93.19,20.064],[93.176,20.054],[93.128,20.095],[93.176,19.958],[93.236,19.847],[93.238,19.821],[93.201,19.863],[93.148,19.994],[93.132,20.007],[93.109,19.994],[93.106,19.931],[93.135,19.848],[93.169,19.807],[93.125,19.847],[93.038,20.013],[92.981,20.078],[92.97,20.129],[93.042,20.129],[93.08,20.17],[93.094,20.15],[93.121,20.212],[93.089,20.21],[93.019,20.15],[92.99,20.155],[93.001,20.239],[93.041,20.332],[93.091,20.381],[93.1,20.431],[93.06,20.362],[93.043,20.365],[93.031,20.41],[93.086,20.533],[93.073,20.555],[93.023,20.453],[93.016,20.325],[92.898,20.136],[92.868,20.122],[92.772,20.201],[92.778,20.232],[92.864,20.301],[92.943,20.321],[92.893,20.33],[92.847,20.377],[92.827,20.495],[92.793,20.506],[92.797,20.484],[92.769,20.455],[92.759,20.472],[92.779,20.478],[92.751,20.499],[92.721,20.592],[92.635,20.698],[92.708,20.579],[92.737,20.445],[92.731,20.259],[92.653,20.418],[92.54,20.528],[92.507,20.609],[92.454,20.669],[92.381,20.7],[92.281,20.959],[92.271,21.049],[92.181,21.158],[92.178,21.3],[92.236,21.417],[92.285,21.419],[92.323,21.462],[92.355,21.452],[92.4,21.371],[92.525,21.361],[92.571,21.247],[92.634,21.282],[92.639,21.319],[92.59,21.496],[92.576,21.734],[92.593,21.887],[92.576,21.978]]],[[[98.057,9.797],[98.018,9.795],[98.015,9.826],[98.046,9.828],[98.057,9.797]]],[[[98.229,10.52],[98.222,10.498],[98.193,10.482],[98.19,10.516],[98.229,10.52]]],[[[98.43,10.978],[98.451,11.002],[98.44,10.966],[98.43,10.978]]],[[[97.465,11.782],[97.444,11.8],[97.477,11.788],[97.48,11.778],[97.465,11.782]]],[[[97.837,12.772],[97.835,12.793],[97.853,12.807],[97.868,12.775],[97.837,12.772]]],[[[98.296,10.049],[98.274,10.048],[98.288,10.008],[98.269,10.003],[98.244,9.96],[98.179,9.933],[98.133,9.846],[98.117,9.882],[98.127,9.96],[98.235,10.054],[98.254,10.063],[98.296,10.049]]],[[[98.186,10.121],[98.172,10.148],[98.179,10.193],[98.241,10.168],[98.201,10.118],[98.186,10.042],[98.186,10.121]]],[[[97.911,10.495],[97.903,10.479],[97.925,10.474],[97.944,10.444],[97.918,10.433],[97.932,10.412],[97.91,10.402],[97.889,10.42],[97.904,10.439],[97.896,10.488],[97.911,10.495]]],[[[98.494,10.891],[98.542,10.86],[98.553,10.833],[98.527,10.787],[98.498,10.794],[98.528,10.82],[98.5,10.823],[98.494,10.891]]],[[[97.89,10.885],[97.912,10.924],[97.952,10.919],[97.909,10.857],[97.884,10.845],[97.89,10.885]]],[[[98.268,10.837],[98.276,10.784],[98.296,10.782],[98.283,10.757],[98.296,10.735],[98.251,10.693],[98.232,10.708],[98.234,10.741],[98.256,10.746],[98.234,10.768],[98.24,10.831],[98.199,10.882],[98.179,10.899],[98.172,10.885],[98.165,10.919],[98.147,10.925],[98.1,10.882],[98.077,10.888],[98.131,10.946],[98.141,10.977],[98.172,10.979],[98.206,10.96],[98.232,10.87],[98.268,10.837]]],[[[98.528,10.974],[98.508,10.946],[98.477,10.974],[98.514,11.036],[98.525,11.087],[98.545,11.016],[98.542,10.954],[98.528,10.974]]],[[[98.275,11.248],[98.298,11.249],[98.295,11.231],[98.247,11.215],[98.22,11.269],[98.281,11.276],[98.275,11.248]]],[[[98.278,11.8],[98.307,11.777],[98.323,11.731],[98.3,11.705],[98.284,11.509],[98.261,11.468],[98.234,11.502],[98.227,11.474],[98.202,11.466],[98.22,11.454],[98.177,11.449],[98.165,11.474],[98.199,11.488],[98.188,11.535],[98.213,11.553],[98.203,11.589],[98.24,11.625],[98.234,11.666],[98.278,11.8]]],[[[98.535,11.804],[98.556,11.759],[98.549,11.622],[98.528,11.58],[98.535,11.529],[98.459,11.584],[98.432,11.567],[98.432,11.605],[98.416,11.604],[98.419,11.632],[98.379,11.691],[98.406,11.708],[98.38,11.751],[98.413,11.773],[98.371,11.789],[98.535,11.804]]],[[[98.055,11.701],[98.09,11.632],[98.012,11.705],[98.028,11.717],[98.022,11.756],[98.007,11.762],[98.0,11.842],[98.014,11.865],[98.014,11.817],[98.052,11.776],[98.058,11.729],[98.082,11.735],[98.055,11.701]]],[[[97.664,11.906],[97.678,11.888],[97.672,11.838],[97.651,11.845],[97.643,11.868],[97.664,11.906]]],[[[98.254,11.858],[98.265,11.909],[98.289,11.882],[98.274,11.853],[98.254,11.858]]],[[[98.268,11.934],[98.246,11.925],[98.227,11.954],[98.236,11.968],[98.261,11.971],[98.268,11.934]]],[[[98.604,11.967],[98.659,11.949],[98.658,11.934],[98.573,11.932],[98.516,11.896],[98.478,11.891],[98.46,11.934],[98.471,11.988],[98.44,12.015],[98.439,12.112],[98.52,12.007],[98.56,12.001],[98.604,11.967]]],[[[98.096,12.187],[98.132,12.199],[98.137,12.139],[98.117,12.165],[98.077,12.162],[98.034,12.221],[98.073,12.29],[98.108,12.285],[98.124,12.259],[98.096,12.187]]],[[[98.065,12.365],[98.048,12.331],[98.011,12.31],[98.0,12.269],[97.982,12.306],[97.946,12.31],[97.971,12.345],[97.966,12.358],[97.938,12.338],[97.955,12.378],[98.018,12.403],[98.005,12.367],[98.042,12.358],[98.046,12.389],[98.076,12.427],[98.105,12.383],[98.088,12.36],[98.065,12.365]]],[[[98.514,12.496],[98.514,12.424],[98.496,12.406],[98.474,12.425],[98.489,12.493],[98.5,12.513],[98.514,12.496]]],[[[98.254,12.568],[98.29,12.526],[98.283,12.504],[98.261,12.495],[98.23,12.517],[98.234,12.554],[98.254,12.568]]],[[[97.823,12.587],[97.85,12.595],[97.862,12.56],[97.85,12.537],[97.823,12.587]]],[[[98.466,12.584],[98.456,12.458],[98.35,12.326],[98.302,12.338],[98.336,12.451],[98.316,12.496],[98.333,12.519],[98.303,12.599],[98.316,12.687],[98.406,12.639],[98.398,12.587],[98.425,12.53],[98.438,12.587],[98.451,12.604],[98.466,12.584]]],[[[98.296,13.085],[98.319,13.091],[98.336,13.074],[98.302,13.029],[98.314,12.926],[98.302,12.913],[98.239,13.159],[98.242,13.204],[98.261,13.214],[98.296,13.085]]],[[[97.932,13.859],[97.918,13.784],[97.919,13.853],[97.932,13.859]]],[[[93.396,14.14],[93.395,14.076],[93.375,14.065],[93.386,14.151],[93.396,14.14]]],[[[93.676,14.859],[93.724,14.914],[93.704,14.871],[93.676,14.859]]],[[[97.664,15.566],[97.664,15.504],[97.651,15.592],[97.664,15.566]]],[[[94.828,15.932],[94.842,15.877],[94.804,15.797],[94.725,15.812],[94.807,15.931],[94.823,15.946],[94.828,15.932]]],[[[94.662,16.222],[94.667,16.172],[94.63,16.075],[94.57,16.005],[94.478,15.966],[94.478,15.942],[94.403,15.839],[94.417,15.872],[94.382,15.97],[94.39,16.001],[94.485,16.059],[94.519,16.12],[94.612,16.222],[94.643,16.246],[94.662,16.222]]],[[[97.589,16.415],[97.571,16.223],[97.547,16.2],[97.517,16.21],[97.511,16.254],[97.459,16.301],[97.485,16.364],[97.452,16.449],[97.47,16.49],[97.521,16.511],[97.606,16.484],[97.611,16.446],[97.589,16.415]]],[[[93.745,18.8],[93.759,18.756],[93.732,18.69],[93.693,18.674],[93.645,18.679],[93.498,18.841],[93.484,18.875],[93.577,18.882],[93.622,18.91],[93.663,18.873],[93.742,18.872],[93.745,18.8]]],[[[93.971,19.417],[93.966,19.363],[93.917,19.318],[93.889,19.3],[93.863,19.308],[93.857,19.279],[93.803,19.277],[93.75,19.333],[93.725,19.387],[93.73,19.419],[93.669,19.446],[93.642,19.492],[93.688,19.559],[93.724,19.556],[93.82,19.472],[93.88,19.479],[93.971,19.417]]],[[[93.505,19.807],[93.512,19.746],[93.441,19.811],[93.403,19.953],[93.443,19.938],[93.499,19.887],[93.505,19.807]]],[[[92.964,20.037],[93.015,19.906],[93.025,19.828],[93.001,19.907],[92.909,20.065],[92.923,20.088],[92.964,20.037]]]]},"properties":{"layer":"neighbour","name":"Myanmar"}},{"type":"Feature","geometry":{"type":"MultiPolygon","coordinates":[[[[92.576,21.978],[92.593,21.887],[92.576,21.734],[92.59,21.496],[92.639,21.319],[92.634,21.282],[92.571,21.247],[92.525,21.361],[92.4,21.371],[92.355,21.452],[92.323,21.462],[92.285,21.419],[92.236,21.417],[92.178,21.3],[92.175,21.176],[92.224,21.093],[92.265,21.061],[92.261,20.94],[92.333,20.768],[92.334,20.746],[92.319,20.742],[92.21,20.931],[92.193,20.996],[92.053,21.155],[92.045,21.3],[91.953,21.442],[91.95,21.458],[91.963,21.452],[91.983,21.489],[92.018,21.493],[91.99,21.562],[92.036,21.64],[92.029,21.705],[92.001,21.65],[91.984,21.65],[91.984,21.705],[91.963,21.69],[91.95,21.716],[91.953,21.738],[91.99,21.76],[91.96,21.764],[91.99,21.795],[91.899,21.789],[91.911,21.835],[91.929,21.843],[91.926,21.863],[91.95,21.884],[91.916,21.862],[91.855,22.109],[91.854,22.144],[91.867,22.137],[91.853,22.149],[91.84,22.117],[91.813,22.18],[91.817,22.22],[91.84,22.247],[91.809,22.306],[91.874,22.336],[91.908,22.425],[91.888,22.425],[91.877,22.363],[91.791,22.302],[91.826,22.268],[91.826,22.248],[91.787,22.238],[91.744,22.411],[91.676,22.535],[91.548,22.7],[91.462,22.762],[91.458,22.797],[91.49,22.905],[91.462,22.833],[91.417,22.8],[91.415,22.754],[91.346,22.775],[91.367,22.762],[91.36,22.743],[91.291,22.738],[91.333,22.72],[91.317,22.697],[91.245,22.698],[91.243,22.72],[91.182,22.726],[91.199,22.699],[91.169,22.685],[91.253,22.661],[91.264,22.641],[91.242,22.575],[91.203,22.543],[91.127,22.527],[91.089,22.544],[91.018,22.683],[91.004,22.679],[91.032,22.637],[91.038,22.589],[90.985,22.574],[90.942,22.586],[90.876,22.683],[90.836,22.685],[90.82,22.726],[90.795,22.741],[90.717,22.941],[90.629,23.064],[90.64,23.189],[90.667,23.268],[90.651,23.3],[90.661,23.322],[90.628,23.322],[90.611,23.342],[90.6,23.45],[90.633,23.487],[90.715,23.498],[90.716,23.535],[90.706,23.555],[90.678,23.555],[90.702,23.528],[90.695,23.508],[90.667,23.518],[90.608,23.491],[90.592,23.562],[90.633,23.597],[90.612,23.606],[90.559,23.59],[90.564,23.576],[90.547,23.564],[90.476,23.583],[90.498,23.557],[90.577,23.539],[90.579,23.45],[90.552,23.385],[90.322,23.433],[90.25,23.467],[90.249,23.455],[90.389,23.372],[90.428,23.326],[90.569,23.295],[90.611,23.231],[90.615,23.195],[90.594,23.22],[90.599,23.117],[90.572,23.082],[90.554,23.079],[90.559,23.111],[90.523,23.08],[90.454,23.072],[90.449,23.056],[90.51,22.918],[90.54,22.897],[90.52,22.88],[90.476,22.884],[90.436,22.801],[90.408,22.795],[90.42,22.768],[90.394,22.775],[90.373,22.761],[90.435,22.733],[90.445,22.752],[90.462,22.749],[90.493,22.71],[90.513,22.611],[90.459,22.579],[90.442,22.494],[90.473,22.576],[90.524,22.583],[90.56,22.562],[90.607,22.466],[90.586,22.473],[90.586,22.451],[90.618,22.377],[90.613,22.315],[90.558,22.203],[90.501,22.177],[90.45,22.081],[90.408,22.086],[90.387,22.103],[90.422,22.199],[90.411,22.284],[90.394,22.288],[90.391,22.209],[90.413,22.178],[90.38,22.144],[90.37,22.09],[90.332,22.038],[90.273,21.857],[90.185,21.801],[90.093,21.83],[90.095,21.859],[90.112,21.856],[90.126,21.932],[90.098,21.879],[90.067,21.853],[90.024,21.862],[90.034,21.944],[90.086,22.0],[90.106,22.054],[90.164,22.113],[90.216,22.123],[90.239,22.172],[90.236,22.199],[90.206,22.133],[90.148,22.111],[90.089,22.051],[90.058,21.994],[90.038,21.987],[89.996,22.0],[90.011,22.041],[90.035,22.06],[90.043,22.131],[90.078,22.164],[90.053,22.155],[90.024,22.089],[89.983,22.045],[89.983,21.987],[89.968,21.975],[89.934,21.998],[89.877,22.275],[89.9,22.334],[90.01,22.49],[89.947,22.44],[89.92,22.392],[89.873,22.419],[89.88,22.342],[89.839,22.268],[89.861,22.211],[89.871,22.092],[89.846,22.071],[89.797,22.076],[89.848,22.034],[89.846,21.972],[89.887,21.9],[89.88,21.884],[89.786,21.829],[89.766,21.847],[89.709,21.83],[89.661,21.849],[89.663,21.896],[89.647,21.925],[89.619,21.87],[89.701,21.785],[89.668,21.751],[89.595,21.76],[89.606,21.719],[89.587,21.701],[89.537,21.754],[89.527,21.813],[89.564,21.884],[89.571,22.031],[89.606,22.113],[89.567,22.203],[89.606,22.257],[89.626,22.336],[89.581,22.277],[89.586,22.245],[89.549,22.205],[89.579,22.113],[89.551,21.994],[89.533,21.985],[89.523,22.045],[89.537,22.089],[89.492,22.188],[89.493,22.274],[89.476,22.295],[89.476,22.103],[89.494,22.137],[89.518,22.081],[89.509,22.041],[89.489,22.031],[89.522,21.962],[89.513,21.909],[89.465,21.859],[89.466,21.781],[89.406,21.717],[89.37,21.743],[89.366,21.829],[89.387,21.901],[89.352,21.972],[89.356,21.893],[89.301,21.809],[89.284,21.822],[89.295,21.758],[89.274,21.699],[89.298,21.678],[89.249,21.646],[89.21,21.654],[89.221,21.709],[89.188,21.812],[89.155,21.787],[89.105,21.816],[89.078,21.914],[89.091,22.0],[89.057,22.065],[89.076,22.175],[89.009,22.286],[89.024,22.295],[89.002,22.334],[88.989,22.397],[89.003,22.428],[88.971,22.528],[88.928,22.548],[88.956,22.585],[88.908,22.741],[88.937,22.782],[88.945,22.848],[88.893,22.88],[88.839,22.976],[88.851,23.075],[88.96,23.203],[88.823,23.238],[88.776,23.222],[88.697,23.252],[88.686,23.293],[88.77,23.489],[88.757,23.499],[88.719,23.468],[88.609,23.589],[88.571,23.592],[88.566,23.629],[88.542,23.639],[88.561,23.741],[88.553,23.775],[88.578,23.819],[88.578,23.855],[88.653,23.87],[88.714,23.925],[88.702,23.995],[88.725,24.038],[88.701,24.044],[88.674,24.083],[88.678,24.154],[88.746,24.214],[88.738,24.287],[88.715,24.315],[88.66,24.338],[88.635,24.294],[88.475,24.315],[88.401,24.369],[88.11,24.501],[88.086,24.537],[88.082,24.6],[88.057,24.634],[88.022,24.646],[88.053,24.755],[88.077,24.761],[88.088,24.796],[88.141,24.845],[88.115,24.916],[88.202,24.945],[88.233,24.918],[88.243,24.881],[88.323,24.875],[88.426,25.051],[88.441,25.19],[88.475,25.195],[88.559,25.171],[88.599,25.193],[88.634,25.192],[88.784,25.161],[88.817,25.197],[88.924,25.168],[88.91,25.189],[88.928,25.193],[88.929,25.229],[88.985,25.285],[88.975,25.303],[88.903,25.303],[88.842,25.333],[88.8,25.396],[88.815,25.459],[88.772,25.502],[88.742,25.513],[88.743,25.495],[88.706,25.492],[88.666,25.463],[88.594,25.495],[88.53,25.5],[88.475,25.563],[88.424,25.592],[88.419,25.654],[88.26,25.789],[88.227,25.804],[88.128,25.775],[88.088,25.831],[88.074,25.908],[88.126,26.013],[88.151,26.031],[88.156,26.061],[88.14,26.085],[88.164,26.14],[88.219,26.18],[88.326,26.216],[88.337,26.282],[88.432,26.362],[88.498,26.353],[88.461,26.454],[88.354,26.485],[88.336,26.448],[88.315,26.465],[88.353,26.579],[88.385,26.624],[88.411,26.545],[88.462,26.529],[88.527,26.475],[88.591,26.461],[88.612,26.431],[88.656,26.415],[88.652,26.392],[88.712,26.328],[88.646,26.276],[88.663,26.264],[88.748,26.293],[88.784,26.28],[88.825,26.227],[88.876,26.277],[88.975,26.224],[89.019,26.234],[89.04,26.247],[89.034,26.266],[89.004,26.276],[89.008,26.297],[88.982,26.292],[88.966,26.328],[88.912,26.349],[88.891,26.386],[88.941,26.439],[89.044,26.381],[89.055,26.347],[89.103,26.327],[89.095,26.31],[89.069,26.314],[89.069,26.287],[89.103,26.225],[89.119,26.147],[89.213,26.099],[89.238,26.058],[89.335,25.999],[89.391,26.015],[89.411,25.993],[89.486,25.999],[89.518,25.962],[89.542,25.96],[89.559,26.022],[89.611,26.072],[89.567,26.087],[89.604,26.121],[89.563,26.143],[89.587,26.169],[89.614,26.164],[89.613,26.219],[89.653,26.223],[89.656,26.161],[89.718,26.146],[89.75,26.084],[89.756,26.032],[89.789,25.988],[89.814,25.996],[89.829,25.979],[89.792,25.949],[89.834,25.932],[89.783,25.814],[89.834,25.635],[89.823,25.489],[89.795,25.374],[89.819,25.285],[89.908,25.297],[90.13,25.212],[90.365,25.15],[90.623,25.171],[90.708,25.153],[90.754,25.168],[90.822,25.142],[91.236,25.202],[91.432,25.138],[91.481,25.135],[91.566,25.16],[91.596,25.129],[91.639,25.124],[91.662,25.127],[91.677,25.153],[91.711,25.145],[91.73,25.167],[92.034,25.182],[92.093,25.165],[92.116,25.139],[92.173,25.132],[92.234,25.085],[92.304,25.074],[92.484,24.928],[92.495,24.895],[92.478,24.864],[92.381,24.837],[92.29,24.891],[92.252,24.903],[92.223,24.891],[92.234,24.778],[92.164,24.559],[92.111,24.514],[92.108,24.406],[92.063,24.371],[91.95,24.375],[91.972,24.316],[91.922,24.345],[91.9,24.338],[91.906,24.261],[91.877,24.158],[91.844,24.155],[91.814,24.183],[91.807,24.221],[91.733,24.234],[91.733,24.164],[91.704,24.143],[91.666,24.156],[91.629,24.215],[91.606,24.119],[91.582,24.096],[91.518,24.085],[91.363,24.1],[91.339,23.995],[91.274,23.988],[91.216,23.908],[91.228,23.845],[91.205,23.772],[91.195,23.755],[91.142,23.74],[91.132,23.721],[91.137,23.699],[91.175,23.67],[91.166,23.654],[91.14,23.654],[91.141,23.612],[91.195,23.495],[91.227,23.469],[91.258,23.374],[91.287,23.356],[91.266,23.329],[91.314,23.101],[91.337,23.071],[91.371,23.063],[91.356,23.224],[91.372,23.262],[91.394,23.263],[91.464,23.184],[91.524,22.995],[91.577,22.969],[91.586,22.944],[91.617,22.978],[91.707,22.995],[91.796,23.089],[91.744,23.272],[91.818,23.401],[91.905,23.447],[91.941,23.495],[91.916,23.65],[91.923,23.723],[92.019,23.64],[92.06,23.659],[92.108,23.718],[92.151,23.732],[92.194,23.648],[92.222,23.708],[92.259,23.706],[92.253,23.609],[92.301,23.432],[92.349,23.354],[92.357,23.279],[92.328,23.171],[92.36,22.927],[92.426,22.871],[92.442,22.763],[92.496,22.696],[92.501,22.561],[92.577,22.169],[92.576,22.143],[92.537,22.129],[92.576,21.978]]],[[[91.936,21.76],[91.939,21.715],[91.984,21.609],[91.97,21.524],[91.961,21.506],[91.895,21.507],[91.9,21.486],[91.877,21.481],[91.855,21.519],[91.874,21.582],[91.848,21.689],[91.854,21.726],[91.872,21.755],[91.898,21.743],[91.888,21.685],[91.91,21.727],[91.901,21.774],[91.936,21.781],[91.936,21.76]]],[[[89.116,21.781],[89.139,21.767],[89.132,21.722],[89.052,21.793],[89.064,21.841],[89.046,21.917],[89.068,21.904],[89.093,21.793],[89.116,21.781]]],[[[91.888,21.866],[91.833,21.726],[91.836,21.894],[91.867,21.932],[91.888,21.866]]],[[[90.594,21.987],[90.607,21.939],[90.581,21.913],[90.566,21.918],[90.541,21.876],[90.504,21.862],[90.532,21.877],[90.51,21.898],[90.522,21.939],[90.594,21.987]]],[[[90.332,21.939],[90.371,21.995],[90.394,22.0],[90.342,21.86],[90.323,21.844],[90.332,21.939]]],[[[90.387,22.048],[90.34,21.972],[90.359,22.023],[90.387,22.048]]],[[[90.435,22.041],[90.486,21.977],[90.476,21.945],[90.416,21.901],[90.394,21.939],[90.416,22.038],[90.435,22.041]]],[[[90.544,22.062],[90.484,22.035],[90.492,22.08],[90.613,22.164],[90.594,22.103],[90.586,22.131],[90.56,22.024],[90.538,22.0],[90.509,21.999],[90.504,22.024],[90.544,22.062]]],[[[90.942,22.205],[90.951,22.212],[90.957,22.199],[90.957,22.145],[90.949,22.122],[90.929,22.117],[90.92,22.16],[90.942,22.205]]],[[[90.976,22.186],[90.983,22.259],[90.998,22.235],[90.976,22.186]]],[[[90.953,22.227],[90.937,22.233],[90.976,22.363],[90.994,22.302],[90.953,22.227]]],[[[91.149,22.357],[91.171,22.32],[91.187,22.228],[91.141,22.146],[91.063,22.09],[91.022,22.095],[91.005,22.117],[91.059,22.192],[91.075,22.389],[91.149,22.357]]],[[[90.62,22.425],[90.601,22.429],[90.602,22.448],[90.633,22.432],[90.659,22.38],[90.661,22.356],[90.647,22.384],[90.64,22.366],[90.64,22.309],[90.62,22.425]]],[[[90.647,22.425],[90.653,22.483],[90.667,22.439],[90.647,22.425]]],[[[91.159,22.503],[91.2,22.515],[91.211,22.496],[91.201,22.472],[91.16,22.451],[91.114,22.461],[91.124,22.489],[91.159,22.503]]],[[[91.468,22.586],[91.556,22.478],[91.555,22.402],[91.508,22.397],[91.447,22.453],[91.424,22.525],[91.447,22.576],[91.468,22.586]]],[[[90.791,22.495],[90.855,22.435],[90.835,22.34],[90.836,22.178],[90.775,22.076],[90.757,22.062],[90.75,22.076],[90.692,22.007],[90.647,21.994],[90.639,22.016],[90.682,22.103],[90.626,22.027],[90.61,22.024],[90.604,22.044],[90.633,22.123],[90.622,22.145],[90.632,22.182],[90.678,22.283],[90.688,22.378],[90.647,22.548],[90.559,22.603],[90.556,22.675],[90.579,22.757],[90.596,22.775],[90.651,22.787],[90.684,22.694],[90.747,22.597],[90.767,22.518],[90.791,22.495]]],[[[90.645,22.849],[90.678,22.808],[90.591,22.814],[90.532,22.769],[90.535,22.729],[90.521,22.712],[90.493,22.753],[90.456,22.767],[90.473,22.865],[90.592,22.882],[90.645,22.849]]],[[[90.667,22.953],[90.633,22.953],[90.667,22.918],[90.636,22.921],[90.599,22.959],[90.524,22.953],[90.508,22.976],[90.528,23.008],[90.586,23.035],[90.667,22.953]]],[[[90.51,23.069],[90.516,23.052],[90.469,23.008],[90.456,23.063],[90.51,23.069]]],[[[90.524,23.322],[90.487,23.319],[90.43,23.385],[90.539,23.35],[90.586,23.302],[90.53,23.334],[90.524,23.322]]]]},"properties":{"layer":"neighbour","name":"Bangladesh"}},{"type":"Feature","geometry":{"type":"MultiPolygon","coordinates":[[[[74.542,37.022],[74.537,36.962],[74.521,36.958],[74.457,37.004],[74.394,36.994],[74.236,36.902],[74.13,36.898],[74.094,36.831],[74.035,36.816],[73.947,36.831],[73.865,36.873],[73.773,36.892],[73.332,36.882],[73.267,36.867],[73.192,36.877],[73.042,36.864],[72.991,36.842],[72.946,36.852],[72.868,36.83],[72.63,36.833],[72.517,36.801],[72.454,36.758],[72.214,36.726],[72.153,36.702],[72.172,36.654],[72.059,36.627],[72.039,36.58],[71.977,36.563],[71.875,36.499],[71.773,36.48],[71.794,36.408],[71.783,36.397],[71.736,36.396],[71.649,36.453],[71.61,36.458],[71.547,36.372],[71.558,36.328],[71.479,36.301],[71.403,36.231],[71.319,36.201],[71.302,36.163],[71.223,36.125],[71.166,36.046],[71.171,36.027],[71.257,35.972],[71.356,35.933],[71.361,35.9],[71.431,35.844],[71.471,35.78],[71.476,35.741],[71.515,35.701],[71.514,35.666],[71.483,35.627],[71.493,35.61],[71.593,35.549],[71.582,35.493],[71.621,35.41],[71.532,35.328],[71.53,35.301],[71.638,35.19],[71.604,35.138],[71.509,35.072],[71.511,35.009],[71.47,34.95],[71.289,34.875],[71.203,34.748],[71.081,34.673],[71.066,34.558],[70.986,34.556],[70.957,34.532],[70.961,34.488],[70.992,34.443],[71.051,34.39],[71.122,34.357],[71.126,34.332],[71.097,34.262],[71.108,34.165],[71.063,34.105],[71.063,34.054],[70.94,34.001],[70.884,34.007],[70.862,33.965],[70.522,33.939],[70.328,33.957],[70.003,34.044],[69.916,34.039],[69.873,34.017],[69.872,33.972],[69.841,33.942],[69.847,33.927],[69.885,33.889],[69.958,33.753],[70.118,33.717],[70.133,33.661],[70.174,33.632],[70.155,33.507],[70.286,33.383],[70.302,33.352],[70.294,33.319],[70.125,33.199],[70.048,33.194],[69.995,33.127],[69.956,33.128],[69.881,33.089],[69.839,33.087],[69.772,33.115],[69.668,33.077],[69.548,33.075],[69.488,33.028],[69.469,32.994],[69.487,32.886],[69.477,32.857],[69.376,32.772],[69.383,32.744],[69.415,32.726],[69.426,32.655],[69.361,32.568],[69.282,32.533],[69.233,32.463],[69.228,32.421],[69.268,32.301],[69.251,32.131],[69.299,31.938],[69.224,31.882],[69.114,31.738],[69.04,31.673],[68.977,31.641],[68.941,31.644],[68.804,31.603],[68.705,31.701],[68.695,31.756],[68.676,31.775],[68.505,31.823],[68.419,31.783],[68.44,31.767],[68.541,31.763],[68.55,31.754],[68.537,31.741],[68.498,31.725],[68.356,31.763],[68.255,31.766],[68.207,31.808],[68.139,31.825],[68.047,31.688],[67.966,31.638],[67.843,31.623],[67.781,31.564],[67.696,31.521],[67.569,31.53],[67.556,31.512],[67.611,31.411],[67.651,31.395],[67.77,31.395],[67.765,31.334],[67.693,31.325],[67.584,31.265],[67.346,31.208],[67.214,31.212],[67.137,31.241],[67.035,31.236],[67.015,31.245],[67.026,31.273],[67.017,31.309],[66.943,31.315],[66.838,31.277],[66.76,31.215],[66.697,31.196],[66.663,31.083],[66.55,30.977],[66.392,30.945],[66.366,30.923],[66.268,30.601],[66.265,30.558],[66.314,30.478],[66.322,30.437],[66.305,30.245],[66.219,30.058],[66.341,29.957],[66.275,29.885],[66.196,29.835],[65.036,29.54],[64.82,29.568],[64.478,29.57],[64.173,29.484],[64.113,29.396],[64.086,29.387],[63.972,29.43],[63.569,29.497],[62.478,29.408],[62.374,29.425],[60.844,29.858],[61.802,30.847],[61.8,30.961],[61.826,31.015],[61.788,31.159],[61.743,31.24],[61.742,31.321],[61.687,31.373],[60.822,31.495],[60.793,31.66],[60.805,31.734],[60.793,32.011],[60.775,32.027],[60.815,32.088],[60.83,32.249],[60.563,33.058],[60.568,33.151],[60.757,33.366],[60.829,33.416],[60.832,33.484],[60.921,33.514],[60.895,33.541],[60.846,33.556],[60.656,33.56],[60.575,33.588],[60.512,33.638],[60.487,33.711],[60.528,33.841],[60.487,34.094],[60.493,34.139],[60.552,34.22],[60.651,34.285],[60.644,34.307],[60.89,34.319],[60.779,34.455],[60.7,34.516],[60.739,34.548],[60.838,34.571],[60.895,34.628],[60.948,34.638],[60.96,34.723],[61.01,34.761],[61.035,34.806],[61.065,34.815],[61.075,34.933],[61.116,35.06],[61.147,35.102],[61.14,35.14],[61.096,35.193],[61.112,35.202],[61.102,35.257],[61.123,35.288],[61.187,35.3],[61.195,35.39],[61.29,35.548],[61.27,35.618],[61.352,35.628],[61.352,35.607],[61.383,35.586],[61.393,35.554],[61.428,35.543],[61.539,35.452],[61.605,35.431],[61.74,35.414],[61.919,35.452],[62.007,35.439],[62.136,35.341],[62.234,35.294],[62.251,35.26],[62.251,35.202],[62.286,35.141],[62.432,35.281],[62.459,35.282],[62.535,35.227],[62.605,35.219],[62.694,35.248],[62.76,35.302],[62.918,35.388],[63.08,35.437],[63.101,35.525],[63.077,35.559],[63.077,35.625],[63.18,35.666],[63.214,35.699],[63.112,35.77],[63.084,35.826],[63.104,35.856],[63.343,35.856],[63.43,35.871],[63.511,35.902],[63.582,35.959],[63.766,35.977],[63.89,36.03],[63.95,36.029],[64.045,35.999],[64.036,36.076],[64.057,36.105],[64.159,36.16],[64.266,36.152],[64.304,36.212],[64.478,36.272],[64.594,36.424],[64.611,36.501],[64.589,36.6],[64.605,36.661],[64.779,36.938],[64.756,37.054],[64.779,37.118],[65.063,37.233],[65.501,37.242],[65.537,37.257],[65.624,37.345],[65.621,37.43],[65.659,37.51],[65.681,37.526],[65.739,37.529],[65.761,37.578],[65.804,37.565],[65.855,37.508],[66.08,37.441],[66.143,37.385],[66.218,37.375],[66.294,37.331],[66.413,37.35],[66.451,37.323],[66.539,37.369],[66.694,37.343],[66.735,37.363],[67.006,37.384],[67.097,37.341],[67.123,37.282],[67.188,37.258],[67.237,37.192],[67.259,37.185],[67.391,37.22],[67.503,37.282],[67.526,37.273],[67.561,37.22],[67.592,37.247],[67.633,37.254],[67.678,37.234],[67.747,37.229],[67.781,37.189],[67.773,37.11],[67.808,37.083],[67.878,37.064],[68.02,36.926],[68.186,37.018],[68.278,37.01],[68.288,37.103],[68.307,37.114],[68.392,37.105],[68.418,37.128],[68.404,37.152],[68.524,37.165],[68.551,37.193],[68.627,37.206],[68.649,37.244],[68.671,37.247],[68.658,37.268],[68.669,37.278],[68.76,37.275],[68.82,37.251],[68.81,37.312],[68.836,37.329],[68.857,37.325],[68.89,37.282],[68.916,37.279],[68.918,37.302],[68.888,37.338],[68.985,37.32],[69.124,37.169],[69.246,37.104],[69.312,37.117],[69.408,37.177],[69.442,37.224],[69.445,37.236],[69.41,37.246],[69.418,37.268],[69.377,37.381],[69.378,37.437],[69.425,37.494],[69.491,37.537],[69.509,37.579],[69.665,37.576],[69.754,37.597],[69.802,37.582],[69.919,37.617],[69.955,37.575],[70.008,37.549],[70.129,37.532],[70.158,37.541],[70.216,37.617],[70.248,37.623],[70.283,37.705],[70.275,37.774],[70.247,37.819],[70.196,37.84],[70.165,37.89],[70.172,37.946],[70.215,37.929],[70.262,37.939],[70.254,37.973],[70.47,38.121],[70.547,38.263],[70.583,38.275],[70.6,38.347],[70.641,38.354],[70.685,38.387],[70.665,38.405],[70.742,38.419],[70.777,38.446],[70.843,38.44],[70.871,38.453],[70.936,38.433],[70.951,38.473],[70.998,38.466],[71.05,38.409],[71.117,38.399],[71.218,38.326],[71.334,38.281],[71.358,38.251],[71.359,38.184],[71.273,37.998],[71.258,37.926],[71.341,37.893],[71.501,37.946],[71.537,37.944],[71.598,37.898],[71.59,37.816],[71.53,37.761],[71.543,37.72],[71.497,37.567],[71.511,37.486],[71.487,37.409],[71.494,37.308],[71.487,37.267],[71.45,37.217],[71.431,37.067],[71.46,37.011],[71.463,36.948],[71.528,36.856],[71.553,36.77],[71.611,36.705],[71.653,36.687],[71.749,36.679],[71.837,36.699],[72.26,36.967],[72.406,37.008],[72.475,36.997],[72.658,37.029],[72.791,37.22],[72.902,37.254],[72.996,37.309],[73.068,37.315],[73.132,37.384],[73.17,37.408],[73.211,37.408],[73.296,37.465],[73.378,37.453],[73.441,37.48],[73.485,37.481],[73.674,37.431],[73.753,37.428],[73.739,37.338],[73.69,37.305],[73.631,37.296],[73.597,37.262],[73.618,37.233],[73.68,37.242],[73.709,37.217],[73.798,37.229],[73.836,37.257],[74.188,37.338],[74.224,37.403],[74.304,37.4],[74.316,37.427],[74.378,37.394],[74.521,37.376],[74.66,37.394],[74.789,37.331],[74.863,37.245],[74.892,37.231],[74.794,37.214],[74.737,37.296],[74.721,37.298],[74.623,37.231],[74.59,37.243],[74.5,37.232],[74.457,37.177],[74.368,37.167],[74.383,37.127],[74.477,37.083],[74.542,37.022]]]]},"properties":{"layer":"neighbour","name":"Afghanistan"}},{"type":"Feature","geometry":{"type":"MultiPolygon","coordinates":[[[[88.118,27.861],[88.165,27.845],[88.16,27.774],[88.111,27.64],[88.023,27.495],[88.042,27.438],[88.015,27.378],[88.035,27.323],[87.989,27.218],[87.969,27.111],[88.009,27.046],[88.056,27.018],[88.097,26.959],[88.151,26.863],[88.168,26.763],[88.163,26.705],[88.102,26.582],[88.074,26.454],[88.044,26.406],[88.007,26.37],[87.975,26.367],[87.915,26.408],[87.87,26.465],[87.822,26.438],[87.769,26.451],[87.728,26.404],[87.681,26.424],[87.587,26.378],[87.48,26.423],[87.416,26.427],[87.356,26.404],[87.326,26.353],[87.3,26.346],[87.245,26.37],[87.219,26.408],[87.135,26.394],[87.106,26.405],[87.067,26.466],[87.041,26.58],[86.972,26.532],[86.876,26.495],[86.822,26.438],[86.738,26.444],[86.714,26.415],[86.495,26.528],[86.354,26.583],[86.316,26.581],[86.284,26.612],[86.196,26.583],[86.116,26.603],[86.011,26.654],[85.952,26.642],[85.829,26.566],[85.81,26.603],[85.781,26.599],[85.713,26.653],[85.702,26.797],[85.599,26.854],[85.44,26.788],[85.386,26.788],[85.337,26.747],[85.302,26.737],[85.195,26.759],[85.166,26.786],[85.162,26.851],[85.123,26.866],[85.019,26.846],[85.018,26.874],[84.953,26.898],[84.924,26.956],[84.817,27.011],[84.761,26.999],[84.627,27.036],[84.621,27.058],[84.654,27.125],[84.658,27.203],[84.607,27.31],[84.577,27.329],[84.289,27.376],[84.226,27.44],[84.186,27.439],[84.117,27.513],[84.08,27.51],[84.008,27.441],[83.923,27.45],[83.834,27.434],[83.878,27.37],[83.855,27.345],[83.59,27.457],[83.387,27.47],[83.356,27.452],[83.371,27.41],[83.363,27.386],[83.324,27.342],[83.282,27.331],[83.249,27.348],[83.219,27.394],[83.133,27.444],[83.01,27.443],[82.876,27.488],[82.752,27.495],[82.73,27.518],[82.709,27.631],[82.68,27.694],[82.652,27.704],[82.441,27.666],[82.402,27.677],[82.348,27.726],[82.027,27.912],[81.976,27.917],[81.883,27.849],[81.856,27.851],[81.75,27.91],[81.689,27.963],[81.615,27.981],[81.562,28.026],[81.473,28.066],[81.435,28.13],[81.396,28.161],[81.358,28.166],[81.338,28.133],[81.296,28.128],[81.299,28.143],[81.277,28.154],[81.296,28.167],[81.224,28.251],[81.17,28.361],[81.0,28.397],[80.976,28.437],[80.905,28.441],[80.872,28.497],[80.782,28.515],[80.727,28.56],[80.679,28.575],[80.636,28.628],[80.564,28.647],[80.556,28.679],[80.518,28.68],[80.488,28.656],[80.488,28.562],[80.408,28.626],[80.33,28.627],[80.291,28.69],[80.233,28.733],[80.162,28.753],[80.114,28.803],[80.036,28.837],[80.031,28.898],[80.053,28.949],[80.108,28.995],[80.113,29.072],[80.133,29.11],[80.221,29.126],[80.233,29.139],[80.219,29.211],[80.258,29.202],[80.28,29.31],[80.255,29.317],[80.214,29.417],[80.218,29.435],[80.257,29.45],[80.32,29.516],[80.327,29.549],[80.385,29.605],[80.354,29.705],[80.369,29.758],[80.476,29.806],[80.55,29.894],[80.571,29.947],[80.641,29.963],[80.716,30.013],[80.77,30.077],[80.83,30.117],[80.85,30.143],[80.836,30.17],[80.884,30.21],[80.921,30.177],[80.988,30.197],[81.007,30.189],[81.098,30.017],[81.217,30.008],[81.226,30.05],[81.272,30.08],[81.267,30.125],[81.322,30.134],[81.35,30.157],[81.378,30.233],[81.368,30.301],[81.388,30.374],[81.426,30.373],[81.463,30.341],[81.509,30.328],[81.537,30.379],[81.614,30.417],[81.779,30.358],[81.844,30.371],[81.941,30.354],[81.969,30.328],[82.089,30.33],[82.085,30.231],[82.156,30.181],[82.128,30.124],[82.154,30.058],[82.211,30.064],[82.256,30.04],[82.319,30.032],[82.347,30.003],[82.394,30.003],[82.457,29.954],[82.542,29.923],[82.619,29.84],[82.689,29.828],[82.691,29.781],[82.837,29.66],[82.9,29.688],[82.932,29.664],[82.976,29.664],[83.065,29.579],[83.08,29.58],[83.093,29.615],[83.174,29.621],[83.261,29.542],[83.247,29.495],[83.264,29.473],[83.328,29.485],[83.355,29.461],[83.357,29.415],[83.387,29.394],[83.393,29.356],[83.503,29.261],[83.524,29.184],[83.639,29.155],[83.695,29.226],[83.793,29.235],[83.914,29.289],[83.958,29.289],[83.976,29.264],[84.013,29.27],[84.035,29.248],[84.09,29.257],[84.112,29.209],[84.155,29.207],[84.162,29.193],[84.132,29.144],[84.166,29.098],[84.175,29.057],[84.231,29.026],[84.207,28.941],[84.235,28.9],[84.377,28.849],[84.423,28.799],[84.451,28.734],[84.616,28.694],[84.633,28.669],[84.683,28.651],[84.678,28.604],[84.756,28.585],[84.812,28.542],[84.928,28.538],[84.955,28.574],[85.055,28.639],[85.161,28.595],[85.154,28.525],[85.123,28.505],[85.109,28.459],[85.078,28.436],[85.08,28.319],[85.109,28.292],[85.174,28.304],[85.224,28.272],[85.313,28.283],[85.363,28.26],[85.432,28.297],[85.476,28.279],[85.565,28.275],[85.612,28.251],[85.693,28.335],[85.7,28.269],[85.734,28.222],[85.863,28.143],[85.898,28.036],[85.957,27.976],[85.963,27.891],[86.062,27.889],[86.113,27.927],[86.098,27.986],[86.079,28.001],[86.085,28.044],[86.069,28.077],[86.156,28.157],[86.186,28.134],[86.172,28.072],[86.203,28.003],[86.278,27.984],[86.328,27.94],[86.363,27.946],[86.425,27.91],[86.51,27.952],[86.516,28.012],[86.554,28.104],[86.612,28.08],[86.662,28.107],[86.732,28.077],[86.74,28.021],[86.84,28.015],[86.915,27.945],[87.006,27.951],[87.117,27.845],[87.156,27.826],[87.291,27.816],[87.364,27.855],[87.385,27.849],[87.369,27.804],[87.532,27.837],[87.573,27.805],[87.636,27.824],[87.727,27.808],[87.78,27.839],[87.837,27.908],[87.978,27.881],[88.03,27.893],[88.118,27.861]]]]},"properties":{"layer":"neighbour","name":"Nepal"}},{"type":"Feature","geometry":{"type":"MultiPolygon","coordinates":[[[[73.712,36.894],[73.72,36.851],[73.799,36.828],[73.887,36.771],[73.879,36.712],[73.721,36.727],[73.679,36.704],[73.622,36.71],[73.595,36.735],[73.52,36.731],[73.416,36.752],[73.296,36.717],[73.213,36.713],[73.177,36.735],[73.073,36.699],[73.094,36.603],[73.055,36.54],[72.98,36.508],[72.985,36.473],[72.896,36.462],[72.877,36.384],[72.83,36.37],[72.692,36.271],[72.622,36.277],[72.572,36.243],[72.551,36.174],[72.562,36.15],[72.529,36.098],[72.589,36.016],[72.516,35.904],[72.656,35.854],[72.792,35.838],[72.872,35.874],[72.972,35.878],[73.042,35.856],[73.088,35.876],[73.155,35.825],[73.128,35.796],[73.126,35.725],[73.307,35.6],[73.383,35.588],[73.41,35.548],[73.443,35.562],[73.505,35.534],[73.63,35.543],[73.772,35.522],[73.784,35.447],[73.728,35.418],[73.69,35.357],[73.687,35.31],[73.718,35.264],[73.722,35.216],[73.81,35.234],[73.864,35.202],[73.924,35.199],[73.954,35.171],[73.992,35.175],[74.031,35.147],[74.102,35.14],[74.124,35.105],[74.068,35.055],[74.1,35.01],[74.067,34.982],[74.061,34.942],[74.018,34.881],[73.954,34.863],[73.884,34.811],[73.82,34.81],[73.74,34.785],[73.701,34.756],[73.651,34.677],[73.66,34.634],[73.623,34.564],[73.593,34.588],[73.464,34.571],[73.437,34.522],[73.426,34.43],[73.4,34.376],[73.474,34.269],[73.519,34.008],[73.58,33.91],[73.567,33.803],[73.6,33.709],[73.573,33.634],[73.615,33.593],[73.635,33.541],[73.615,33.52],[73.628,33.452],[73.604,33.442],[73.574,33.387],[73.603,33.333],[73.6,33.247],[73.581,33.229],[73.615,33.232],[73.655,33.185],[73.645,33.143],[73.623,33.124],[73.806,33.015],[73.907,33.03],[73.943,33.018],[73.983,32.969],[74.317,32.823],[74.307,32.81],[74.346,32.767],[74.439,32.786],[74.501,32.746],[74.574,32.753],[74.614,32.77],[74.636,32.822],[74.672,32.841],[74.689,32.809],[74.65,32.723],[74.656,32.641],[74.63,32.588],[74.663,32.498],[74.689,32.471],[74.725,32.461],[74.838,32.475],[74.907,32.445],[75.024,32.466],[75.126,32.412],[75.23,32.38],[75.327,32.312],[75.359,32.262],[75.317,32.211],[75.295,32.149],[75.196,32.129],[75.173,32.11],[75.174,32.087],[75.138,32.093],[75.102,32.078],[75.041,32.098],[75.023,32.095],[75.03,32.066],[74.986,32.063],[74.956,32.032],[74.889,32.029],[74.873,32.012],[74.829,32.025],[74.784,31.943],[74.698,31.95],[74.67,31.904],[74.55,31.827],[74.535,31.771],[74.489,31.711],[74.556,31.612],[74.617,31.459],[74.532,31.303],[74.506,31.175],[74.537,31.115],[74.617,31.115],[74.659,31.084],[74.579,31.043],[74.564,31.004],[74.519,30.962],[74.442,30.946],[74.401,30.893],[74.319,30.893],[74.3,30.838],[74.257,30.815],[74.267,30.788],[74.191,30.717],[74.164,30.665],[74.067,30.611],[74.058,30.531],[74.004,30.509],[73.929,30.419],[73.9,30.422],[73.906,30.395],[73.852,30.373],[73.842,30.353],[73.892,30.33],[73.935,30.261],[73.944,30.188],[73.74,30.048],[73.558,30.013],[73.37,29.927],[73.233,29.537],[72.93,29.048],[72.355,28.767],[72.256,28.646],[72.198,28.445],[72.15,28.354],[71.988,28.228],[71.908,28.136],[71.874,27.96],[71.561,27.869],[71.398,27.868],[71.226,27.845],[70.914,27.718],[70.832,27.701],[70.762,27.71],[70.71,27.741],[70.641,27.855],[70.633,27.932],[70.535,28.016],[70.456,28.04],[70.342,28.011],[70.102,27.812],[69.994,27.571],[69.908,27.497],[69.848,27.41],[69.576,27.188],[69.534,27.126],[69.508,27.05],[69.465,26.808],[69.473,26.767],[69.504,26.735],[69.659,26.678],[69.772,26.595],[69.816,26.58],[70.056,26.589],[70.13,26.563],[70.158,26.53],[70.147,26.217],[70.078,26.1],[70.065,25.98],[70.115,25.882],[70.214,25.786],[70.249,25.708],[70.36,25.673],[70.477,25.676],[70.592,25.709],[70.632,25.701],[70.654,25.674],[70.654,25.397],[70.71,25.336],[70.735,25.267],[70.849,25.163],[70.915,24.947],[71.064,24.683],[70.977,24.64],[70.955,24.585],[70.958,24.556],[70.981,24.535],[70.977,24.465],[71.075,24.436],[71.083,24.412],[70.997,24.357],[70.918,24.362],[70.841,24.306],[70.851,24.265],[70.755,24.231],[70.622,24.241],[70.568,24.273],[70.546,24.362],[70.575,24.4],[70.563,24.424],[70.416,24.402],[70.353,24.366],[70.299,24.363],[70.243,24.331],[70.098,24.299],[70.052,24.202],[70.016,24.174],[69.972,24.165],[69.715,24.169],[69.563,24.277],[69.281,24.284],[69.167,24.253],[69.068,24.288],[68.963,24.257],[68.904,24.321],[68.885,24.314],[68.839,24.236],[68.82,24.25],[68.799,24.329],[68.747,24.331],[68.726,24.289],[68.724,23.965],[68.432,23.967],[68.354,23.939],[68.349,23.965],[68.33,23.967],[68.335,23.941],[68.314,23.916],[68.3,23.911],[68.264,23.936],[68.26,23.896],[68.207,23.877],[68.183,23.842],[68.157,23.905],[68.171,23.84],[68.143,23.761],[68.149,23.695],[68.102,23.734],[68.099,23.709],[68.063,23.723],[68.054,23.744],[68.074,23.765],[68.082,23.806],[68.102,23.816],[68.059,23.862],[68.064,23.923],[68.014,23.939],[68.054,23.829],[68.014,23.769],[67.994,23.811],[67.951,23.809],[67.934,23.833],[67.91,23.836],[67.9,23.868],[67.869,23.85],[67.855,23.912],[67.832,23.81],[67.719,23.844],[67.744,23.809],[67.716,23.792],[67.632,23.803],[67.65,23.933],[67.637,23.874],[67.615,23.85],[67.589,23.867],[67.588,23.885],[67.575,23.872],[67.547,23.898],[67.53,23.891],[67.547,23.871],[67.479,23.892],[67.513,23.898],[67.541,23.939],[67.499,23.926],[67.506,23.974],[67.451,23.988],[67.478,24.032],[67.52,24.045],[67.533,24.07],[67.51,24.052],[67.354,24.071],[67.341,24.086],[67.279,24.281],[67.293,24.303],[67.286,24.33],[67.362,24.344],[67.272,24.369],[67.287,24.44],[67.259,24.419],[67.247,24.468],[67.211,24.508],[67.231,24.525],[67.195,24.547],[67.184,24.59],[67.253,24.59],[67.209,24.614],[67.152,24.616],[67.176,24.689],[67.256,24.748],[67.233,24.771],[67.167,24.76],[67.14,24.803],[67.081,24.803],[67.083,24.774],[66.965,24.844],[66.965,24.81],[66.882,24.851],[66.654,24.839],[66.657,24.859],[66.704,24.892],[66.681,24.911],[66.681,24.949],[66.7,25.085],[66.737,25.181],[66.71,25.239],[66.548,25.366],[66.554,25.385],[66.579,25.379],[66.591,25.4],[66.587,25.426],[66.551,25.457],[66.531,25.518],[66.493,25.518],[66.437,25.598],[66.388,25.592],[66.373,25.604],[66.375,25.626],[66.339,25.608],[66.258,25.612],[66.204,25.593],[66.094,25.475],[66.213,25.491],[66.259,25.525],[66.258,25.543],[66.336,25.553],[66.423,25.481],[66.456,25.496],[66.492,25.481],[66.458,25.454],[66.512,25.414],[66.498,25.399],[66.36,25.465],[66.252,25.473],[66.159,25.447],[65.858,25.418],[65.652,25.344],[65.468,25.385],[65.401,25.367],[65.382,25.371],[65.395,25.392],[65.292,25.365],[65.26,25.38],[65.232,25.371],[65.188,25.311],[65.155,25.296],[64.921,25.327],[64.744,25.324],[64.696,25.298],[64.669,25.255],[64.669,25.207],[64.71,25.179],[64.655,25.166],[64.6,25.173],[64.628,25.228],[64.565,25.27],[64.518,25.276],[64.492,25.246],[64.439,25.235],[64.361,25.283],[64.266,25.299],[64.245,25.317],[64.094,25.336],[64.107,25.385],[64.084,25.404],[64.084,25.427],[64.141,25.429],[64.155,25.447],[64.045,25.45],[63.977,25.413],[63.997,25.42],[64.012,25.397],[64.049,25.416],[64.08,25.365],[64.06,25.345],[63.944,25.335],[63.738,25.385],[63.573,25.365],[63.496,25.291],[63.469,25.289],[63.519,25.221],[63.5,25.194],[63.411,25.222],[63.308,25.22],[63.144,25.261],[63.028,25.22],[62.771,25.262],[62.527,25.264],[62.477,25.259],[62.468,25.224],[62.489,25.214],[62.414,25.207],[62.343,25.155],[62.339,25.125],[62.387,25.102],[62.381,25.088],[62.256,25.099],[62.315,25.13],[62.297,25.185],[62.254,25.212],[62.145,25.218],[62.08,25.197],[62.059,25.162],[62.097,25.107],[61.881,25.103],[61.847,25.038],[61.79,25.018],[61.73,25.022],[61.729,25.083],[61.76,25.115],[61.783,25.188],[61.75,25.173],[61.694,25.201],[61.588,25.202],[61.62,25.285],[61.643,25.613],[61.673,25.658],[61.66,25.769],[61.681,25.795],[61.739,25.803],[61.755,25.82],[61.81,26.167],[61.833,26.225],[62.094,26.315],[62.124,26.374],[62.243,26.351],[62.265,26.361],[62.249,26.417],[62.298,26.474],[62.292,26.501],[62.356,26.537],[62.397,26.539],[62.418,26.562],[62.595,26.581],[62.641,26.605],[62.702,26.604],[62.754,26.644],[63.098,26.638],[63.141,26.625],[63.164,26.645],[63.174,26.685],[63.19,26.846],[63.262,26.872],[63.235,26.941],[63.231,27.066],[63.261,27.116],[63.32,27.117],[63.271,27.203],[63.177,27.258],[62.892,27.213],[62.829,27.234],[62.801,27.225],[62.742,27.267],[62.768,27.274],[62.779,27.3],[62.756,27.348],[62.815,27.495],[62.78,27.83],[62.736,27.995],[62.762,28.246],[62.739,28.258],[62.576,28.229],[62.492,28.301],[62.464,28.35],[62.363,28.419],[62.049,28.486],[61.893,28.543],[61.653,28.756],[61.567,28.871],[61.511,29.007],[61.468,29.042],[61.488,29.081],[61.461,29.094],[61.438,29.14],[61.398,29.159],[61.387,29.207],[61.333,29.275],[61.347,29.349],[61.337,29.374],[61.279,29.407],[60.844,29.858],[62.374,29.425],[62.478,29.408],[63.569,29.497],[63.972,29.43],[64.086,29.387],[64.113,29.396],[64.173,29.484],[64.478,29.57],[64.82,29.568],[65.036,29.54],[66.196,29.835],[66.275,29.885],[66.341,29.957],[66.219,30.058],[66.305,30.245],[66.322,30.437],[66.314,30.478],[66.265,30.558],[66.268,30.601],[66.366,30.923],[66.392,30.945],[66.55,30.977],[66.663,31.083],[66.697,31.196],[66.76,31.215],[66.838,31.277],[66.943,31.315],[67.017,31.309],[67.026,31.273],[67.015,31.245],[67.035,31.236],[67.137,31.241],[67.214,31.212],[67.346,31.208],[67.584,31.265],[67.693,31.325],[67.765,31.334],[67.77,31.395],[67.651,31.395],[67.611,31.411],[67.556,31.512],[67.569,31.53],[67.696,31.521],[67.781,31.564],[67.843,31.623],[67.966,31.638],[68.047,31.688],[68.139,31.825],[68.207,31.808],[68.255,31.766],[68.356,31.763],[68.498,31.725],[68.537,31.741],[68.55,31.754],[68.541,31.763],[68.44,31.767],[68.419,31.783],[68.505,31.823],[68.676,31.775],[68.695,31.756],[68.705,31.701],[68.804,31.603],[68.941,31.644],[68.977,31.641],[69.04,31.673],[69.114,31.738],[69.224,31.882],[69.299,31.938],[69.251,32.131],[69.268,32.301],[69.228,32.421],[69.233,32.463],[69.282,32.533],[69.361,32.568],[69.426,32.655],[69.415,32.726],[69.383,32.744],[69.376,32.772],[69.477,32.857],[69.487,32.886],[69.469,32.994],[69.488,33.028],[69.548,33.075],[69.668,33.077],[69.772,33.115],[69.839,33.087],[69.881,33.089],[69.956,33.128],[69.995,33.127],[70.048,33.194],[70.125,33.199],[70.294,33.319],[70.302,33.352],[70.286,33.383],[70.155,33.507],[70.174,33.632],[70.133,33.661],[70.118,33.717],[69.958,33.753],[69.885,33.889],[69.847,33.927],[69.841,33.942],[69.872,33.972],[69.873,34.017],[69.916,34.039],[70.003,34.044],[70.328,33.957],[70.522,33.939],[70.862,33.965],[70.884,34.007],[70.94,34.001],[71.063,34.054],[71.063,34.105],[71.108,34.165],[71.097,34.262],[71.126,34.332],[71.122,34.357],[71.051,34.39],[70.992,34.443],[70.961,34.488],[70.957,34.532],[70.986,34.556],[71.066,34.558],[71.081,34.673],[71.203,34.748],[71.289,34.875],[71.47,34.95],[71.511,35.009],[71.509,35.072],[71.604,35.138],[71.638,35.19],[71.53,35.301],[71.532,35.328],[71.621,35.41],[71.582,35.493],[71.593,35.549],[71.493,35.61],[71.483,35.627],[71.514,35.666],[71.515,35.701],[71.476,35.741],[71.471,35.78],[71.431,35.844],[71.361,35.9],[71.356,35.933],[71.257,35.972],[71.171,36.027],[71.166,36.046],[71.223,36.125],[71.302,36.163],[71.319,36.201],[71.403,36.231],[71.479,36.301],[71.558,36.328],[71.547,36.372],[71.61,36.458],[71.649,36.453],[71.736,36.396],[71.783,36.397],[71.794,36.408],[71.773,36.48],[71.875,36.499],[71.977,36.563],[72.039,36.58],[72.059,36.627],[72.172,36.654],[72.153,36.702],[72.214,36.726],[72.454,36.758],[72.517,36.801],[72.63,36.833],[72.868,36.83],[72.946,36.852],[72.991,36.842],[73.042,36.864],[73.192,36.877],[73.267,36.867],[73.332,36.882],[73.712,36.894]]],[[[67.375,24.063],[67.39,24.049],[67.458,24.063],[67.485,24.049],[67.454,24.013],[67.427,24.008],[67.393,24.028],[67.375,24.063]]]]},"properties":{"layer":"neighbour","name":"Pakistan"}},{"type":"Feature","geometry":{"type":"MultiPolygon","coordinates":[[[[81.876,7.092],[81.885,6.98],[81.832,6.765],[81.78,6.664],[81.776,6.61],[81.65,6.431],[81.325,6.205],[81.204,6.163],[81.188,6.182],[81.176,6.15],[81.113,6.12],[80.903,6.071],[80.862,6.04],[80.809,6.035],[80.714,5.958],[80.656,5.958],[80.591,5.924],[80.54,5.944],[80.465,5.941],[80.444,5.971],[80.412,5.96],[80.358,5.978],[80.341,5.971],[80.204,6.026],[80.094,6.136],[80.032,6.266],[80.012,6.361],[79.964,6.472],[79.978,6.479],[79.97,6.535],[79.863,6.807],[79.848,6.89],[79.862,7.012],[79.814,7.181],[79.82,7.206],[79.848,7.123],[79.862,7.167],[79.826,7.21],[79.834,7.233],[79.779,7.603],[79.793,7.603],[79.802,7.659],[79.697,8.098],[79.707,8.142],[79.697,8.219],[79.729,8.25],[79.779,8.35],[79.744,8.281],[79.779,8.26],[79.746,8.206],[79.728,8.111],[79.73,8.081],[79.752,8.055],[79.732,8.013],[79.764,7.99],[79.81,7.987],[79.834,8.003],[79.793,8.073],[79.827,8.137],[79.805,8.229],[79.827,8.278],[79.874,8.538],[79.917,8.576],[79.942,8.642],[79.951,8.74],[79.926,8.802],[79.93,8.884],[79.916,8.939],[80.048,9.026],[80.106,9.193],[80.118,9.3],[80.066,9.333],[80.053,9.392],[80.197,9.473],[80.161,9.521],[80.053,9.596],[80.233,9.534],[80.272,9.504],[80.266,9.467],[80.287,9.453],[80.427,9.5],[80.615,9.446],[80.471,9.528],[80.429,9.518],[80.369,9.53],[80.298,9.591],[80.186,9.649],[80.174,9.649],[80.176,9.624],[80.2,9.599],[80.186,9.584],[80.115,9.636],[80.094,9.645],[80.136,9.604],[80.111,9.608],[79.958,9.686],[79.91,9.768],[79.971,9.815],[80.122,9.819],[80.13,9.777],[80.222,9.754],[80.339,9.629],[80.444,9.576],[80.32,9.673],[80.248,9.755],[80.139,9.799],[80.137,9.814],[80.158,9.823],[80.247,9.826],[80.41,9.617],[80.744,9.36],[80.799,9.295],[80.737,9.309],[80.794,9.251],[80.814,9.239],[80.804,9.272],[80.824,9.27],[80.882,9.145],[80.84,9.156],[80.834,9.142],[80.873,9.126],[80.875,9.104],[80.896,9.117],[80.916,9.062],[80.958,9.018],[80.944,9.001],[80.931,9.021],[80.875,9.041],[80.935,8.965],[80.915,8.944],[80.948,8.933],[80.979,8.98],[81.047,8.882],[81.093,8.852],[81.114,8.8],[81.15,8.777],[81.177,8.699],[81.182,8.712],[81.198,8.706],[81.232,8.651],[81.204,8.61],[81.225,8.617],[81.25,8.546],[81.225,8.542],[81.23,8.558],[81.212,8.573],[81.211,8.507],[81.159,8.535],[81.134,8.501],[81.17,8.521],[81.213,8.472],[81.281,8.467],[81.297,8.477],[81.286,8.5],[81.334,8.515],[81.366,8.482],[81.389,8.364],[81.352,8.405],[81.357,8.362],[81.399,8.339],[81.448,8.128],[81.43,8.103],[81.404,8.192],[81.396,8.137],[81.436,8.093],[81.464,8.116],[81.52,7.999],[81.534,8.014],[81.54,7.986],[81.561,7.999],[81.561,7.958],[81.595,7.917],[81.576,7.889],[81.588,7.855],[81.608,7.832],[81.636,7.836],[81.711,7.731],[81.713,7.712],[81.691,7.705],[81.626,7.76],[81.595,7.726],[81.659,7.723],[81.712,7.651],[81.712,7.623],[81.714,7.644],[81.749,7.623],[81.773,7.568],[81.773,7.524],[81.758,7.505],[81.78,7.472],[81.771,7.457],[81.793,7.466],[81.808,7.41],[81.826,7.474],[81.856,7.412],[81.881,7.327],[81.876,7.092]]],[[[81.739,7.66],[81.725,7.74],[81.806,7.599],[81.823,7.511],[81.808,7.479],[81.787,7.497],[81.787,7.593],[81.739,7.66]]],[[[79.714,9.076],[79.698,9.09],[79.714,9.104],[79.842,9.077],[79.917,9.021],[79.854,9.041],[79.91,8.973],[79.886,8.976],[79.8,9.049],[79.714,9.076]]],[[[79.731,9.5],[79.715,9.485],[79.666,9.491],[79.659,9.555],[79.676,9.535],[79.719,9.524],[79.731,9.5]]],[[[79.896,9.617],[79.841,9.699],[79.861,9.756],[79.882,9.761],[79.894,9.757],[79.895,9.688],[79.926,9.679],[79.934,9.655],[79.978,9.624],[79.896,9.617]]]]},"properties":{"layer":"neighbour","name":"Sri Lanka"}},{"type":"Feature","geometry":{"type":"MultiPolygon","coordinates":[[[[88.891,27.316],[88.76,27.218],[88.739,27.176],[88.756,27.149],[88.664,27.173],[88.518,27.176],[88.448,27.114],[88.357,27.085],[88.233,27.137],[88.118,27.138],[88.001,27.248],[88.024,27.409],[88.068,27.567],[88.147,27.749],[88.15,27.843],[88.11,27.871],[88.099,27.905],[88.109,27.933],[88.426,28.012],[88.578,28.093],[88.621,28.092],[88.804,28.007],[88.849,27.869],[88.749,27.522],[88.765,27.43],[88.891,27.316]]]]},"properties":{"layer":"state","name":"Sikkim"}},{"type":"Feature","geometry":{"type":"MultiPolygon","coordinates":[[[[77.446,15.953],[77.484,16.002],[77.491,16.262],[77.533,16.361],[77.294,16.407],[77.257,16.449],[77.371,16.524],[77.432,16.594],[77.411,16.721],[77.433,16.935],[77.465,17.043],[77.374,17.223],[77.599,17.487],[77.583,17.579],[77.493,17.578],[77.412,17.631],[77.464,17.713],[77.525,17.746],[77.5,17.812],[77.62,17.926],[77.621,17.987],[77.563,18.071],[77.6,18.115],[77.551,18.308],[77.503,18.382],[77.592,18.548],[77.68,18.57],[77.703,18.669],[77.781,18.704],[77.839,18.81],[77.912,18.835],[77.752,19.046],[77.834,19.121],[77.855,19.228],[77.92,19.332],[77.992,19.323],[78.064,19.264],[78.168,19.264],[78.174,19.375],[78.24,19.46],[78.303,19.483],[78.333,19.643],[78.384,19.685],[78.322,19.863],[78.383,19.866],[78.478,19.799],[78.534,19.825],[78.712,19.774],[78.78,19.777],[78.848,19.725],[78.873,19.65],[79.024,19.542],[79.059,19.547],[79.198,19.462],[79.266,19.59],[79.42,19.536],[79.539,19.534],[79.735,19.603],[79.796,19.594],[79.865,19.509],[79.931,19.483],[79.965,19.402],[79.931,19.212],[79.944,19.169],[79.862,19.081],[79.934,19.053],[79.96,18.867],[80.002,18.786],[80.091,18.697],[80.27,18.714],[80.32,18.642],[80.409,18.589],[80.503,18.6],[80.583,18.541],[80.696,18.412],[80.772,18.233],[80.852,18.196],[80.938,18.086],[80.979,17.964],[80.986,17.84],[81.045,17.776],[81.148,17.837],[81.245,17.804],[81.578,17.797],[81.759,17.909],[81.776,17.833],[81.629,17.763],[81.535,17.638],[81.47,17.42],[81.408,17.371],[81.214,17.324],[81.144,17.25],[80.99,17.218],[80.893,17.156],[80.83,17.046],[80.67,17.08],[80.591,17.14],[80.502,17.108],[80.384,16.976],[80.474,16.937],[80.586,16.934],[80.506,16.792],[80.351,16.862],[80.281,16.997],[80.22,17.033],[80.078,16.973],[80.002,16.871],[80.073,16.823],[80.043,16.739],[79.958,16.63],[79.882,16.703],[79.752,16.724],[79.721,16.689],[79.504,16.642],[79.406,16.587],[79.266,16.57],[79.213,16.493],[79.233,16.331],[79.215,16.244],[79.161,16.219],[79.022,16.247],[78.839,16.125],[78.839,16.067],[78.734,16.03],[78.5,16.094],[78.4,16.083],[78.256,16.006],[78.235,15.95],[78.087,15.833],[77.888,15.919],[77.85,15.894],[77.641,15.901],[77.446,15.953]]]]},"properties":{"layer":"state","name":"Telangana"}},{"type":"Feature","geometry":{"type":"MultiPolygon","coordinates":[[[[77.799,35.496],[77.895,35.449],[78.009,35.49],[78.043,35.48],[78.047,35.449],[78.009,35.307],[78.012,35.251],[78.076,35.135],[78.282,34.654],[78.327,34.606],[78.671,34.518],[78.936,34.352],[78.97,34.303],[78.971,34.228],[78.932,34.189],[78.753,34.088],[78.732,34.056],[78.727,34.013],[78.784,33.809],[78.802,33.5],[78.948,33.347],[79.067,33.25],[79.113,33.226],[79.355,33.17],[79.376,33.146],[79.335,32.976],[79.499,32.73],[79.47,32.643],[79.385,32.57],[79.292,32.507],[79.17,32.497],[79.127,32.476],[79.067,32.388],[78.919,32.358],[78.771,32.468],[78.737,32.558],[78.701,32.597],[78.413,32.558],[78.39,32.527],[78.27,32.504],[78.304,32.596],[78.375,32.649],[78.367,32.765],[78.254,32.698],[78.115,32.668],[78.009,32.61],[77.939,32.695],[77.929,32.762],[77.858,32.873],[77.721,33.013],[77.539,32.918],[77.349,32.867],[77.136,32.927],[76.956,33.025],[76.74,33.197],[76.647,33.352],[76.488,33.502],[76.246,33.574],[76.236,33.729],[76.166,33.873],[76.024,33.982],[75.88,33.964],[75.742,34.066],[75.663,34.199],[75.585,34.21],[75.469,34.28],[75.375,34.371],[75.348,34.573],[75.606,34.503],[75.709,34.503],[75.862,34.56],[76.041,34.67],[76.172,34.668],[76.457,34.756],[76.594,34.736],[76.696,34.787],[76.783,34.9],[77.001,34.992],[77.049,35.11],[77.799,35.496]]]]},"properties":{"layer":"state","name":"Ladakh"}},{"type":"Feature","geometry":{"type":"MultiPolygon","coordinates":[[[[76.815,30.789],[76.827,30.681],[76.776,30.677],[76.704,30.781],[76.815,30.789]]]]},"properties":{"layer":"state","name":"Chandigarh"}},{"type":"Feature","geometry":{"type":"MultiPolygon","coordinates":[[[[77.327,28.52],[77.27,28.51],[77.194,28.433],[77.101,28.476],[77.071,28.529],[76.873,28.519],[76.837,28.587],[76.947,28.696],[76.937,28.815],[77.068,28.882],[77.201,28.877],[77.227,28.784],[77.307,28.721],[77.338,28.626],[77.327,28.52]]]]},"properties":{"layer":"state","name":"Delhi"}},{"type":"Feature","geometry":{"type":"MultiPolygon","coordinates":[[[[78.39,32.527],[78.441,32.397],[78.455,32.3],[78.496,32.216],[78.726,31.984],[78.735,31.958],[78.687,31.806],[78.693,31.74],[78.803,31.618],[78.755,31.55],[78.727,31.472],[78.759,31.437],[78.743,31.324],[78.758,31.302],[78.792,31.294],[78.869,31.315],[78.993,31.163],[78.87,31.122],[78.793,31.207],[78.582,31.231],[78.501,31.22],[78.369,31.29],[78.284,31.29],[78.04,31.172],[77.941,31.173],[77.806,31.051],[77.789,30.931],[77.706,30.791],[77.813,30.521],[77.585,30.383],[77.303,30.46],[77.148,30.539],[77.15,30.664],[77.115,30.722],[77.002,30.777],[76.906,30.899],[76.768,30.908],[76.645,30.999],[76.561,31.277],[76.434,31.318],[76.374,31.419],[76.275,31.31],[76.158,31.339],[76.071,31.564],[75.923,31.806],[75.964,31.849],[75.88,31.972],[75.707,32.05],[75.602,32.069],[75.639,32.147],[75.623,32.259],[75.693,32.272],[75.912,32.431],[75.847,32.517],[75.923,32.617],[75.909,32.773],[75.805,32.899],[75.826,32.938],[75.972,32.911],[76.101,33.013],[76.216,33.051],[76.294,33.148],[76.397,33.198],[76.559,33.231],[76.626,33.189],[76.74,33.197],[76.956,33.025],[77.136,32.927],[77.349,32.867],[77.539,32.918],[77.721,33.013],[77.858,32.873],[77.929,32.762],[77.939,32.695],[78.009,32.61],[78.115,32.668],[78.254,32.698],[78.367,32.765],[78.375,32.649],[78.304,32.596],[78.27,32.504],[78.39,32.527]]]]},"properties":{"layer":"state","name":"Himachal Pradesh"}},{"type":"Feature","geometry":{"type":"MultiPolygon","coordinates":[[[[77.201,28.877],[77.068,28.882],[76.937,28.815],[76.947,28.696],[76.837,28.587],[76.873,28.519],[77.071,28.529],[77.101,28.476],[77.194,28.433],[77.27,28.51],[77.327,28.52],[77.497,28.393],[77.467,28.315],[77.529,28.253],[77.468,28.047],[77.526,27.974],[77.48,27.898],[77.424,27.891],[77.281,27.809],[77.041,27.807],[76.973,27.679],[76.901,27.734],[76.941,27.852],[76.921,28.034],[76.941,28.123],[76.857,28.229],[76.647,28.086],[76.658,28.017],[76.553,27.971],[76.453,28.163],[76.368,28.156],[76.267,28.077],[76.163,28.058],[76.18,27.91],[76.215,27.842],[76.0,27.843],[75.932,27.918],[75.993,28.051],[75.962,28.139],[76.032,28.188],[76.026,28.262],[75.887,28.404],[75.699,28.521],[75.594,28.643],[75.486,28.927],[75.515,28.996],[75.452,29.024],[75.393,29.106],[75.392,29.253],[75.328,29.296],[75.25,29.256],[75.107,29.238],[74.97,29.284],[74.907,29.378],[74.821,29.403],[74.759,29.364],[74.613,29.333],[74.537,29.441],[74.602,29.47],[74.575,29.59],[74.603,29.726],[74.506,29.737],[74.466,29.799],[74.547,29.861],[74.517,29.947],[74.651,29.914],[74.711,29.968],[74.823,29.985],[74.903,29.955],[74.996,29.873],[75.073,29.891],[75.105,29.821],[75.188,29.835],[75.238,29.749],[75.172,29.688],[75.235,29.562],[75.295,29.575],[75.312,29.656],[75.446,29.806],[75.604,29.765],[75.718,29.778],[75.786,29.831],[75.887,29.749],[75.957,29.739],[76.226,29.869],[76.178,29.955],[76.267,30.114],[76.43,30.14],[76.531,30.084],[76.625,30.143],[76.606,30.274],[76.714,30.337],[76.753,30.431],[76.905,30.384],[76.887,30.634],[76.827,30.681],[76.815,30.789],[76.833,30.842],[76.768,30.908],[76.906,30.899],[77.002,30.777],[77.115,30.722],[77.15,30.664],[77.148,30.539],[77.303,30.46],[77.585,30.383],[77.57,30.278],[77.23,29.977],[77.18,29.804],[77.088,29.659],[77.065,29.57],[77.15,29.403],[77.131,29.281],[77.141,29.13],[77.196,28.998],[77.201,28.877]]]]},"properties":{"layer":"state","name":"Haryana"}},{"type":"Feature","geometry":{"type":"MultiPolygon","coordinates":[[[[75.348,34.573],[75.375,34.371],[75.469,34.28],[75.585,34.21],[75.663,34.199],[75.742,34.066],[75.88,33.964],[76.024,33.982],[76.166,33.873],[76.236,33.729],[76.246,33.574],[76.488,33.502],[76.647,33.352],[76.74,33.197],[76.626,33.189],[76.559,33.231],[76.397,33.198],[76.294,33.148],[76.216,33.051],[76.101,33.013],[75.972,32.911],[75.826,32.938],[75.805,32.899],[75.909,32.773],[75.923,32.617],[75.847,32.517],[75.743,32.464],[75.683,32.4],[75.612,32.395],[75.502,32.301],[75.39,32.335],[75.293,32.326],[75.234,32.372],[74.987,32.462],[74.789,32.458],[74.686,32.494],[74.658,32.519],[74.643,32.608],[74.663,32.758],[74.632,32.771],[74.588,32.753],[74.483,32.771],[74.355,32.769],[74.306,32.81],[74.33,32.861],[74.304,32.992],[74.126,33.075],[74.004,33.189],[73.99,33.221],[74.118,33.384],[74.15,33.507],[74.131,33.545],[74.004,33.632],[73.978,33.668],[73.976,33.721],[74.001,33.788],[74.078,33.839],[74.216,33.887],[74.251,33.946],[74.247,33.99],[73.95,34.019],[73.904,34.076],[73.904,34.108],[73.979,34.191],[73.972,34.237],[73.925,34.288],[73.81,34.325],[73.794,34.378],[73.961,34.653],[74.3,34.765],[74.952,34.646],[75.188,34.639],[75.348,34.573]]]]},"properties":{"layer":"state","name":"Jammu and Kashmir"}},{"type":"Feature","geometry":{"type":"MultiPolygon","coordinates":[[[[80.231,13.468],[80.098,13.464],[79.962,13.417],[79.957,13.366],[79.816,13.295],[79.785,13.224],[79.697,13.236],[79.668,13.291],[79.572,13.284],[79.544,13.324],[79.45,13.331],[79.42,13.22],[79.315,13.132],[79.251,13.148],[79.162,13.045],[79.078,13.036],[78.944,13.093],[78.736,13.061],[78.645,12.992],[78.583,12.778],[78.419,12.633],[78.353,12.642],[78.23,12.76],[78.286,12.843],[78.416,12.948],[78.516,13.089],[78.568,13.275],[78.381,13.323],[78.35,13.376],[78.375,13.58],[78.184,13.602],[78.068,13.699],[78.097,13.809],[78.033,13.885],[77.921,13.83],[77.879,13.917],[77.735,13.824],[77.593,13.767],[77.499,13.704],[77.443,13.702],[77.384,13.847],[77.292,13.848],[77.152,13.904],[77.103,13.85],[77.133,13.785],[77.032,13.746],[76.959,13.782],[77.01,13.905],[76.936,14.011],[76.943,14.061],[76.873,14.137],[76.974,14.156],[76.995,14.066],[77.112,14.005],[77.289,14.011],[77.332,13.908],[77.388,13.963],[77.328,14.052],[77.369,14.163],[77.468,14.192],[77.461,14.29],[77.384,14.262],[77.278,14.296],[77.257,14.334],[77.111,14.33],[77.045,14.232],[76.908,14.258],[76.862,14.347],[76.932,14.458],[76.83,14.479],[76.753,14.566],[76.762,14.764],[76.8,14.795],[76.822,14.921],[76.719,14.99],[76.764,15.094],[76.948,15.022],[77.08,15.037],[77.128,15.132],[77.105,15.308],[77.026,15.351],[77.0,15.614],[77.085,15.667],[77.025,15.781],[77.034,15.874],[77.144,15.961],[77.226,15.976],[77.446,15.953],[77.641,15.901],[77.85,15.894],[77.888,15.919],[78.087,15.833],[78.235,15.95],[78.256,16.006],[78.4,16.083],[78.5,16.094],[78.734,16.03],[78.839,16.067],[78.839,16.125],[79.022,16.247],[79.161,16.219],[79.215,16.244],[79.233,16.331],[79.213,16.493],[79.266,16.57],[79.406,16.587],[79.504,16.642],[79.721,16.689],[79.752,16.724],[79.882,16.703],[79.958,16.63],[80.043,16.739],[80.073,16.823],[80.002,16.871],[80.078,16.973],[80.22,17.033],[80.281,16.997],[80.351,16.862],[80.506,16.792],[80.586,16.934],[80.474,16.937],[80.384,16.976],[80.502,17.108],[80.591,17.14],[80.67,17.08],[80.83,17.046],[80.893,17.156],[80.99,17.218],[81.144,17.25],[81.214,17.324],[81.408,17.371],[81.47,17.42],[81.535,17.638],[81.629,17.763],[81.776,17.833],[81.759,17.909],[81.924,18.0],[82.042,18.043],[82.132,18.039],[82.24,17.993],[82.33,18.044],[82.353,18.155],[82.31,18.195],[82.361,18.292],[82.368,18.414],[82.449,18.522],[82.503,18.511],[82.511,18.422],[82.597,18.325],[82.587,18.244],[82.781,18.358],[82.78,18.417],[82.878,18.409],[82.904,18.355],[83.039,18.39],[83.037,18.469],[83.084,18.525],[83.028,18.641],[83.127,18.758],[83.202,18.742],[83.394,18.869],[83.327,18.93],[83.341,19.005],[83.424,18.964],[83.49,19.052],[83.573,19.07],[83.613,19.13],[83.706,19.001],[83.802,19.0],[83.854,18.86],[83.902,18.806],[84.071,18.818],[84.153,18.788],[84.318,18.809],[84.463,18.946],[84.525,19.033],[84.641,19.101],[84.695,19.161],[84.77,19.121],[84.75,19.05],[84.691,18.965],[84.609,18.884],[84.463,18.69],[84.182,18.401],[84.104,18.293],[83.654,18.07],[83.572,18.004],[83.388,17.787],[83.198,17.609],[82.977,17.462],[82.593,17.274],[82.36,17.096],[82.287,16.978],[82.282,16.936],[82.35,16.825],[82.36,16.783],[82.327,16.664],[82.259,16.56],[82.142,16.485],[81.762,16.329],[81.402,16.365],[81.286,16.337],[81.239,16.264],[81.132,15.962],[81.03,15.881],[80.979,15.758],[80.918,15.76],[80.865,15.782],[80.826,15.766],[80.782,15.867],[80.647,15.895],[80.385,15.793],[80.293,15.711],[80.101,15.324],[80.053,15.074],[80.099,14.798],[80.165,14.578],[80.179,14.478],[80.17,14.349],[80.112,14.212],[80.144,14.059],[80.224,13.858],[80.246,13.686],[80.293,13.529],[80.277,13.511],[80.266,13.521],[80.233,13.606],[80.156,13.714],[80.062,13.606],[80.114,13.529],[80.231,13.468]]]]},"properties":{"layer":"state","name":"Andhra Pradesh"}},{"type":"Feature","geometry":{"type":"MultiPolygon","coordinates":[[[[74.894,12.751],[75.102,12.679],[75.312,12.469],[75.389,12.295],[75.426,12.292],[75.537,12.169],[75.629,12.102],[75.761,12.069],[75.776,12.01],[75.846,11.951],[75.961,11.929],[76.056,11.964],[76.115,11.857],[76.177,11.857],[76.317,11.747],[76.389,11.744],[76.416,11.667],[76.339,11.591],[76.241,11.604],[76.256,11.478],[76.409,11.437],[76.495,11.385],[76.534,11.313],[76.466,11.205],[76.641,11.209],[76.719,11.139],[76.69,10.933],[76.82,10.876],[76.89,10.78],[76.876,10.678],[76.821,10.633],[76.809,10.437],[76.842,10.311],[76.928,10.236],[76.986,10.231],[77.065,10.296],[77.191,10.351],[77.277,10.21],[77.224,10.058],[77.26,9.962],[77.226,9.859],[77.235,9.765],[77.188,9.613],[77.263,9.557],[77.341,9.58],[77.399,9.5],[77.255,9.122],[77.165,9.001],[77.203,8.894],[77.249,8.859],[77.235,8.784],[77.179,8.695],[77.204,8.612],[77.279,8.526],[77.166,8.337],[77.11,8.284],[76.967,8.407],[76.617,8.847],[76.553,8.903],[76.483,9.091],[76.472,9.161],[76.403,9.237],[76.325,9.452],[76.242,9.927],[76.285,9.91],[76.343,9.827],[76.372,9.707],[76.376,9.54],[76.42,9.52],[76.459,9.536],[76.346,9.922],[76.249,10.018],[76.223,10.024],[76.196,10.086],[76.201,10.201],[76.123,10.327],[75.923,10.784],[75.845,11.058],[75.724,11.362],[75.646,11.468],[75.525,11.703],[75.315,11.958],[75.197,12.058],[74.946,12.565],[74.894,12.751]]]]},"properties":{"layer":"state","name":"Kerala"}},{"type":"Feature","geometry":{"type":"MultiPolygon","coordinates":[[[[73.053,8.257],[73.029,8.254],[73.026,8.275],[73.039,8.265],[73.056,8.275],[73.079,8.317],[73.053,8.257]]],[[[72.788,11.216],[72.773,11.196],[72.772,11.214],[72.793,11.263],[72.788,11.216]]]]},"properties":{"layer":"state","name":"Lakshadweep"}},{"type":"Feature","geometry":{"type":"MultiPolygon","coordinates":[[[[87.479,21.608],[87.201,21.545],[87.101,21.501],[86.954,21.365],[86.86,21.237],[86.842,21.106],[86.896,20.966],[86.939,20.745],[86.975,20.7],[86.925,20.62],[86.836,20.534],[86.763,20.419],[86.769,20.356],[86.75,20.313],[86.499,20.172],[86.377,20.007],[86.294,20.054],[86.245,20.053],[86.312,19.988],[86.303,19.945],[86.279,19.919],[85.575,19.693],[85.497,19.697],[85.511,19.727],[85.56,19.753],[85.555,19.867],[85.46,19.896],[85.249,19.758],[85.163,19.621],[85.181,19.595],[85.229,19.601],[85.371,19.679],[85.437,19.657],[85.442,19.627],[85.226,19.508],[84.77,19.121],[84.695,19.161],[84.641,19.101],[84.525,19.033],[84.463,18.946],[84.318,18.809],[84.153,18.788],[84.071,18.818],[83.902,18.806],[83.854,18.86],[83.802,19.0],[83.706,19.001],[83.613,19.13],[83.573,19.07],[83.49,19.052],[83.424,18.964],[83.341,19.005],[83.327,18.93],[83.394,18.869],[83.202,18.742],[83.127,18.758],[83.028,18.641],[83.084,18.525],[83.037,18.469],[83.039,18.39],[82.904,18.355],[82.878,18.409],[82.78,18.417],[82.781,18.358],[82.587,18.244],[82.597,18.325],[82.511,18.422],[82.503,18.511],[82.449,18.522],[82.368,18.414],[82.361,18.292],[82.31,18.195],[82.353,18.155],[82.33,18.044],[82.24,17.993],[82.132,18.039],[82.042,18.043],[81.924,18.0],[81.578,17.797],[81.394,17.807],[81.444,17.88],[81.543,18.262],[81.644,18.292],[81.741,18.358],[81.792,18.438],[81.913,18.545],[81.904,18.622],[81.969,18.686],[82.139,18.747],[82.169,18.879],[82.224,18.922],[82.225,19.015],[82.145,19.244],[82.169,19.387],[82.029,19.518],[82.029,19.776],[81.824,19.913],[81.868,20.047],[81.94,20.105],[82.046,20.018],[82.096,20.051],[82.228,19.959],[82.29,19.836],[82.381,19.886],[82.682,19.823],[82.695,20.001],[82.611,19.988],[82.416,20.067],[82.434,20.159],[82.422,20.428],[82.34,20.556],[82.367,20.657],[82.342,20.861],[82.454,20.847],[82.562,20.954],[82.668,21.155],[82.965,21.179],[83.078,21.115],[83.198,21.173],[83.279,21.359],[83.361,21.337],[83.381,21.4],[83.328,21.499],[83.352,21.577],[83.444,21.719],[83.473,21.807],[83.557,21.835],[83.571,21.923],[83.515,21.964],[83.546,22.102],[83.605,22.196],[83.733,22.262],[83.841,22.349],[83.946,22.371],[83.996,22.441],[83.97,22.539],[84.067,22.5],[84.148,22.387],[84.311,22.324],[84.421,22.331],[84.53,22.423],[84.734,22.427],[84.801,22.45],[84.908,22.422],[85.066,22.503],[85.1,22.394],[85.088,22.28],[84.985,22.113],[85.109,22.108],[85.232,22.035],[85.324,22.127],[85.425,22.164],[85.551,22.108],[85.679,22.076],[85.792,22.129],[85.785,22.012],[85.834,21.986],[85.916,22.022],[85.974,22.105],[85.965,22.245],[85.987,22.394],[85.939,22.501],[86.04,22.557],[86.102,22.5],[86.268,22.422],[86.366,22.33],[86.487,22.337],[86.834,22.122],[86.987,22.067],[86.994,21.972],[87.059,21.907],[87.113,21.971],[87.191,21.956],[87.232,21.848],[87.275,21.814],[87.409,21.786],[87.479,21.608]]]]},"properties":{"layer":"state","name":"Odisha"}},{"type":"Feature","geometry":{"type":"MultiPolygon","coordinates":[[[[73.166,20.115],[73.161,20.047],[72.997,20.04],[72.897,20.222],[73.05,20.33],[73.112,20.255],[73.047,20.221],[73.042,20.158],[73.166,20.115]]]]},"properties":{"layer":"state","name":"Dadra and Nagar Haveli and Daman and Diu"}},{"type":"Feature","geometry":{"type":"MultiPolygon","coordinates":[[[[74.894,12.751],[74.771,13.077],[74.682,13.507],[74.671,13.668],[74.608,13.85],[74.499,14.046],[74.467,14.217],[74.397,14.407],[74.382,14.495],[74.097,14.89],[74.241,14.956],[74.26,15.098],[74.293,15.188],[74.241,15.238],[74.304,15.289],[74.237,15.472],[74.258,15.519],[74.227,15.63],[74.101,15.64],[74.186,15.766],[74.224,15.726],[74.331,15.762],[74.354,15.873],[74.429,15.994],[74.416,16.096],[74.47,16.11],[74.452,16.254],[74.366,16.293],[74.292,16.528],[74.353,16.544],[74.43,16.644],[74.525,16.624],[74.557,16.552],[74.666,16.606],[74.685,16.708],[74.867,16.776],[74.845,16.852],[74.922,16.889],[74.96,16.951],[75.043,16.953],[75.167,16.868],[75.243,16.902],[75.256,16.959],[75.371,16.984],[75.453,16.964],[75.554,17.015],[75.617,16.975],[75.647,17.091],[75.605,17.158],[75.622,17.221],[75.553,17.366],[75.613,17.472],[75.784,17.375],[75.87,17.416],[75.936,17.326],[76.095,17.378],[76.21,17.389],[76.344,17.352],[76.322,17.618],[76.391,17.637],[76.513,17.773],[76.593,17.771],[76.676,17.707],[76.756,17.826],[76.741,17.898],[76.839,17.884],[76.885,17.974],[76.893,18.144],[76.95,18.18],[77.088,18.197],[77.118,18.254],[77.231,18.334],[77.233,18.411],[77.302,18.46],[77.347,18.352],[77.461,18.282],[77.551,18.308],[77.6,18.115],[77.563,18.071],[77.621,17.987],[77.62,17.926],[77.5,17.812],[77.525,17.746],[77.464,17.713],[77.412,17.631],[77.493,17.578],[77.583,17.579],[77.599,17.487],[77.374,17.223],[77.465,17.043],[77.433,16.935],[77.411,16.721],[77.432,16.594],[77.371,16.524],[77.257,16.449],[77.294,16.407],[77.533,16.361],[77.491,16.262],[77.484,16.002],[77.446,15.953],[77.226,15.976],[77.144,15.961],[77.034,15.874],[77.025,15.781],[77.085,15.667],[77.0,15.614],[77.026,15.351],[77.105,15.308],[77.128,15.132],[77.08,15.037],[76.948,15.022],[76.764,15.094],[76.719,14.99],[76.822,14.921],[76.8,14.795],[76.762,14.764],[76.753,14.566],[76.83,14.479],[76.932,14.458],[76.862,14.347],[76.908,14.258],[77.045,14.232],[77.111,14.33],[77.257,14.334],[77.278,14.296],[77.384,14.262],[77.461,14.29],[77.468,14.192],[77.369,14.163],[77.328,14.052],[77.388,13.963],[77.332,13.908],[77.289,14.011],[77.112,14.005],[76.995,14.066],[76.974,14.156],[76.873,14.137],[76.943,14.061],[76.936,14.011],[77.01,13.905],[76.959,13.782],[77.032,13.746],[77.133,13.785],[77.103,13.85],[77.152,13.904],[77.292,13.848],[77.384,13.847],[77.443,13.702],[77.499,13.704],[77.593,13.767],[77.735,13.824],[77.879,13.917],[77.921,13.83],[78.033,13.885],[78.097,13.809],[78.068,13.699],[78.184,13.602],[78.375,13.58],[78.35,13.376],[78.381,13.323],[78.568,13.275],[78.516,13.089],[78.416,12.948],[78.286,12.843],[78.23,12.76],[78.056,12.846],[78.002,12.807],[77.895,12.873],[77.801,12.857],[77.765,12.719],[77.609,12.673],[77.569,12.56],[77.619,12.467],[77.561,12.34],[77.472,12.274],[77.492,12.205],[77.668,12.204],[77.769,12.12],[77.671,11.971],[77.49,11.926],[77.434,11.812],[77.354,11.784],[77.259,11.817],[77.122,11.793],[77.083,11.757],[76.997,11.826],[76.908,11.8],[76.821,11.626],[76.751,11.642],[76.605,11.631],[76.532,11.709],[76.465,11.715],[76.416,11.667],[76.389,11.744],[76.317,11.747],[76.177,11.857],[76.115,11.857],[76.056,11.964],[75.961,11.929],[75.846,11.951],[75.776,12.01],[75.761,12.069],[75.629,12.102],[75.537,12.169],[75.426,12.292],[75.389,12.295],[75.312,12.469],[75.102,12.679],[74.894,12.751]]]]},"properties":{"layer":"state","name":"Karnataka"}},{"type":"Feature","geometry":{"type":"MultiPolygon","coordinates":[[[[73.679,15.711],[73.808,15.775],[73.908,15.721],[73.942,15.634],[73.992,15.611],[74.104,15.645],[74.227,15.63],[74.258,15.519],[74.237,15.472],[74.304,15.289],[74.241,15.238],[74.293,15.188],[74.26,15.098],[74.241,14.956],[74.097,14.89],[74.041,14.949],[73.949,15.075],[73.884,15.306],[73.801,15.397],[73.932,15.397],[73.772,15.573],[73.833,15.659],[73.733,15.657],[73.679,15.711]]]]},"properties":{"layer":"state","name":"Goa"}},{"type":"Feature","geometry":{"type":"MultiPolygon","coordinates":[[[[93.016,13.336],[93.074,13.252],[93.066,13.222],[93.005,13.089],[92.951,13.062],[92.886,12.942],[92.965,12.85],[92.99,12.539],[92.933,12.453],[92.864,12.436],[92.879,12.228],[92.786,12.035],[92.748,11.993],[92.764,11.94],[92.797,11.918],[92.798,11.875],[92.767,11.765],[92.765,11.639],[92.701,11.513],[92.668,11.539],[92.576,11.718],[92.56,11.833],[92.534,11.873],[92.567,11.931],[92.608,11.95],[92.632,12.014],[92.641,12.112],[92.676,12.192],[92.695,12.215],[92.788,12.226],[92.778,12.303],[92.719,12.357],[92.721,12.541],[92.732,12.616],[92.759,12.669],[92.74,12.78],[92.753,12.821],[92.807,12.879],[92.831,13.003],[92.809,13.04],[92.86,13.231],[92.857,13.358],[92.925,13.486],[93.029,13.544],[93.062,13.545],[93.077,13.401],[93.016,13.336]]],[[[93.017,12.037],[93.062,11.899],[92.982,11.959],[92.955,12.002],[93.017,12.037]]],[[[92.68,12.939],[92.711,12.962],[92.731,12.949],[92.718,12.865],[92.686,12.8],[92.68,12.939]]],[[[92.51,10.897],[92.554,10.8],[92.574,10.704],[92.473,10.521],[92.37,10.547],[92.377,10.651],[92.353,10.751],[92.371,10.794],[92.448,10.866],[92.51,10.897]]],[[[92.69,11.463],[92.693,11.381],[92.645,11.361],[92.596,11.386],[92.634,11.427],[92.64,11.509],[92.69,11.463]]],[[[93.375,8.018],[93.434,7.948],[93.443,7.878],[93.365,7.877],[93.309,7.964],[93.334,8.007],[93.375,8.018]]],[[[92.713,9.205],[92.762,9.244],[92.786,9.241],[92.809,9.173],[92.787,9.137],[92.744,9.131],[92.717,9.165],[92.713,9.205]]],[[[93.655,7.38],[93.692,7.411],[93.734,7.356],[93.638,7.262],[93.597,7.319],[93.614,7.358],[93.655,7.38]]],[[[93.097,8.349],[93.171,8.212],[93.115,8.219],[93.064,8.275],[93.097,8.349]]],[[[93.859,7.207],[93.93,6.973],[93.89,6.831],[93.829,6.749],[93.709,7.001],[93.658,7.016],[93.656,7.136],[93.684,7.184],[93.822,7.237],[93.859,7.207]]]]},"properties":{"layer":"state","name":"Andaman and Nicobar"}},{"type":"Feature","geometry":{"type":"MultiPolygon","coordinates":[[[[89.86,26.714],[90.123,26.755],[90.206,26.848],[90.346,26.89],[90.56,26.797],[90.74,26.772],[91.134,26.803],[91.287,26.79],[91.427,26.867],[91.456,26.867],[91.518,26.807],[91.672,26.802],[91.842,26.853],[91.998,26.855],[92.05,26.875],[92.073,26.921],[92.21,26.912],[92.626,27.018],[92.699,27.066],[92.815,27.051],[93.02,26.953],[93.375,26.989],[93.461,26.947],[93.695,27.006],[93.827,27.096],[93.847,27.199],[93.983,27.328],[94.243,27.526],[94.243,27.648],[94.353,27.593],[94.475,27.594],[95.313,27.896],[95.408,27.871],[95.544,27.902],[95.717,27.99],[95.964,27.993],[95.901,27.865],[95.776,27.717],[95.804,27.619],[95.887,27.557],[95.88,27.463],[95.978,27.45],[96.007,27.365],[95.904,27.276],[95.8,27.286],[95.644,27.23],[95.546,27.274],[95.493,27.25],[95.424,27.141],[95.261,27.049],[95.176,27.033],[95.031,26.933],[94.917,26.951],[94.799,26.814],[94.69,26.741],[94.487,26.677],[94.358,26.498],[94.207,26.484],[94.177,26.372],[94.008,26.184],[93.973,26.04],[93.989,25.946],[93.904,25.857],[93.752,25.959],[93.709,25.87],[93.581,25.763],[93.524,25.689],[93.336,25.538],[93.459,25.381],[93.449,25.302],[93.394,25.235],[93.189,24.811],[93.124,24.81],[93.087,24.707],[93.046,24.445],[93.018,24.399],[92.829,24.377],[92.746,24.471],[92.701,24.362],[92.631,24.295],[92.624,24.239],[92.489,24.133],[92.416,24.239],[92.298,24.238],[92.22,24.264],[92.258,24.396],[92.222,24.5],[92.139,24.545],[92.227,24.771],[92.228,24.881],[92.251,24.895],[92.385,24.849],[92.443,24.849],[92.475,24.869],[92.485,24.903],[92.468,24.944],[92.386,25.006],[92.565,25.152],[92.806,25.228],[92.79,25.349],[92.588,25.499],[92.593,25.587],[92.382,25.764],[92.167,25.69],[92.165,25.809],[92.215,25.919],[92.184,25.993],[92.261,26.055],[92.164,26.088],[91.922,26.038],[91.825,26.089],[91.752,26.048],[91.718,25.968],[91.582,26.027],[91.475,25.896],[91.361,25.843],[91.251,25.738],[91.208,25.736],[91.179,25.87],[91.097,25.84],[90.975,25.944],[90.753,25.962],[90.644,25.931],[90.618,25.97],[90.485,26.012],[90.136,25.96],[89.974,25.802],[89.942,25.691],[90.002,25.587],[89.897,25.541],[89.875,25.46],[89.806,25.441],[89.825,25.56],[89.8,25.84],[89.823,25.941],[89.688,26.195],[89.727,26.206],[89.782,26.309],[89.829,26.328],[89.888,26.533],[89.86,26.714]]]]},"properties":{"layer":"state","name":"Assam"}},{"type":"Feature","geometry":{"type":"MultiPolygon","coordinates":[[[[94.655,25.445],[94.58,25.32],[94.553,25.216],[94.567,25.192],[94.675,25.139],[94.704,25.098],[94.708,25.049],[94.584,24.767],[94.399,24.514],[94.293,24.322],[94.128,23.876],[94.075,23.872],[93.683,24.007],[93.494,23.973],[93.452,23.987],[93.356,24.074],[93.326,24.064],[93.312,24.033],[93.249,24.057],[93.106,24.045],[92.995,24.095],[93.018,24.399],[93.046,24.445],[93.087,24.707],[93.124,24.81],[93.189,24.811],[93.394,25.235],[93.449,25.302],[93.605,25.206],[93.679,25.328],[93.809,25.446],[93.803,25.544],[94.027,25.554],[94.209,25.495],[94.325,25.512],[94.565,25.684],[94.553,25.49],[94.655,25.445]]]]},"properties":{"layer":"state","name":"Manipur"}},{"type":"Feature","geometry":{"type":"MultiPolygon","coordinates":[[[[95.246,26.655],[95.129,26.597],[95.06,26.474],[95.051,26.347],[95.069,26.191],[95.132,26.041],[95.015,25.913],[94.992,25.77],[94.946,25.7],[94.786,25.519],[94.655,25.445],[94.553,25.49],[94.565,25.684],[94.325,25.512],[94.209,25.495],[94.027,25.554],[93.803,25.544],[93.809,25.446],[93.679,25.328],[93.605,25.206],[93.449,25.302],[93.459,25.381],[93.336,25.538],[93.524,25.689],[93.581,25.763],[93.709,25.87],[93.752,25.959],[93.904,25.857],[93.989,25.946],[93.973,26.04],[94.008,26.184],[94.177,26.372],[94.207,26.484],[94.358,26.498],[94.487,26.677],[94.69,26.741],[94.799,26.814],[94.917,26.951],[95.031,26.933],[95.176,27.033],[95.225,26.974],[95.202,26.867],[95.235,26.791],[95.246,26.655]]]]},"properties":{"layer":"state","name":"Nagaland"}},{"type":"Feature","geometry":{"type":"MultiPolygon","coordinates":[[[[92.386,25.006],[92.205,25.111],[92.05,25.169],[91.48,25.142],[91.293,25.178],[90.439,25.158],[90.25,25.185],[89.833,25.293],[89.801,25.336],[89.806,25.441],[89.875,25.46],[89.897,25.541],[90.002,25.587],[89.942,25.691],[89.974,25.802],[90.136,25.96],[90.485,26.012],[90.618,25.97],[90.644,25.931],[90.753,25.962],[90.975,25.944],[91.097,25.84],[91.179,25.87],[91.208,25.736],[91.251,25.738],[91.361,25.843],[91.475,25.896],[91.582,26.027],[91.718,25.968],[91.752,26.048],[91.825,26.089],[91.922,26.038],[92.164,26.088],[92.261,26.055],[92.184,25.993],[92.215,25.919],[92.165,25.809],[92.167,25.69],[92.382,25.764],[92.593,25.587],[92.588,25.499],[92.79,25.349],[92.806,25.228],[92.565,25.152],[92.386,25.006]]]]},"properties":{"layer":"state","name":"Meghalaya"}},{"type":"Feature","geometry":{"type":"MultiPolygon","coordinates":[[[[75.293,32.326],[75.39,32.335],[75.502,32.301],[75.612,32.395],[75.683,32.4],[75.743,32.464],[75.847,32.517],[75.912,32.431],[75.693,32.272],[75.623,32.259],[75.639,32.147],[75.602,32.069],[75.707,32.05],[75.88,31.972],[75.964,31.849],[75.923,31.806],[76.071,31.564],[76.158,31.339],[76.275,31.31],[76.374,31.419],[76.434,31.318],[76.561,31.277],[76.645,30.999],[76.833,30.842],[76.815,30.789],[76.704,30.781],[76.776,30.677],[76.827,30.681],[76.887,30.634],[76.905,30.384],[76.753,30.431],[76.714,30.337],[76.606,30.274],[76.625,30.143],[76.531,30.084],[76.43,30.14],[76.267,30.114],[76.178,29.955],[76.226,29.869],[75.957,29.739],[75.887,29.749],[75.786,29.831],[75.718,29.778],[75.604,29.765],[75.446,29.806],[75.312,29.656],[75.295,29.575],[75.235,29.562],[75.172,29.688],[75.238,29.749],[75.188,29.835],[75.105,29.821],[75.073,29.891],[74.996,29.873],[74.903,29.955],[74.823,29.985],[74.711,29.968],[74.651,29.914],[74.517,29.947],[73.916,29.98],[73.898,30.035],[73.97,30.137],[73.925,30.282],[73.883,30.352],[73.899,30.435],[74.009,30.52],[74.216,30.769],[74.339,30.894],[74.38,30.893],[74.633,31.035],[74.61,31.113],[74.54,31.133],[74.518,31.186],[74.594,31.465],[74.51,31.713],[74.556,31.819],[74.636,31.89],[74.739,31.949],[75.072,32.089],[75.254,32.14],[75.325,32.215],[75.334,32.279],[75.293,32.326]]]]},"properties":{"layer":"state","name":"Punjab"}},{"type":"Feature","geometry":{"type":"MultiPolygon","coordinates":[[[[71.048,24.688],[70.878,25.063],[70.8,25.206],[70.702,25.331],[70.652,25.423],[70.648,25.667],[70.57,25.706],[70.449,25.681],[70.325,25.686],[70.265,25.707],[70.1,25.91],[70.079,25.99],[70.078,26.072],[70.133,26.215],[70.157,26.471],[70.148,26.506],[70.115,26.548],[70.059,26.579],[69.911,26.586],[69.736,26.627],[69.507,26.743],[69.481,26.771],[69.47,26.804],[69.537,27.123],[69.622,27.228],[69.896,27.474],[70.145,27.849],[70.244,27.934],[70.404,28.025],[70.489,28.023],[70.629,27.937],[70.649,27.835],[70.692,27.769],[70.737,27.729],[70.798,27.71],[70.875,27.714],[71.185,27.832],[71.29,27.855],[71.543,27.87],[71.87,27.963],[71.889,28.047],[71.948,28.177],[72.129,28.346],[72.179,28.422],[72.292,28.697],[72.342,28.752],[72.903,29.029],[73.128,29.364],[73.231,29.551],[73.382,29.934],[73.809,30.093],[73.933,30.222],[73.97,30.137],[73.898,30.035],[73.916,29.98],[74.517,29.947],[74.547,29.861],[74.466,29.799],[74.506,29.737],[74.603,29.726],[74.575,29.59],[74.602,29.47],[74.537,29.441],[74.613,29.333],[74.759,29.364],[74.821,29.403],[74.907,29.378],[74.97,29.284],[75.107,29.238],[75.25,29.256],[75.328,29.296],[75.392,29.253],[75.393,29.106],[75.452,29.024],[75.515,28.996],[75.486,28.927],[75.594,28.643],[75.699,28.521],[75.887,28.404],[76.026,28.262],[76.032,28.188],[75.962,28.139],[75.993,28.051],[75.932,27.918],[76.0,27.843],[76.215,27.842],[76.18,27.91],[76.163,28.058],[76.267,28.077],[76.368,28.156],[76.453,28.163],[76.553,27.971],[76.658,28.017],[76.647,28.086],[76.857,28.229],[76.941,28.123],[76.921,28.034],[76.941,27.852],[76.901,27.734],[76.973,27.679],[77.041,27.807],[77.281,27.809],[77.346,27.542],[77.46,27.385],[77.606,27.324],[77.657,27.203],[77.591,27.131],[77.513,27.109],[77.628,26.973],[77.461,26.904],[77.511,26.833],[77.705,26.93],[77.977,26.904],[78.107,26.947],[78.223,26.937],[78.2,26.824],[78.101,26.795],[78.079,26.683],[78.013,26.696],[77.903,26.664],[77.831,26.576],[77.715,26.506],[77.617,26.483],[77.431,26.374],[77.323,26.352],[77.21,26.242],[77.125,26.238],[77.082,26.185],[76.908,26.099],[76.727,25.916],[76.652,25.923],[76.546,25.848],[76.478,25.72],[76.551,25.46],[76.652,25.379],[76.78,25.332],[76.913,25.309],[77.081,25.353],[77.202,25.356],[77.255,25.434],[77.359,25.407],[77.363,25.262],[77.399,25.212],[77.341,25.114],[77.187,25.128],[76.999,25.088],[76.861,25.034],[76.883,24.897],[76.781,24.837],[76.848,24.76],[76.967,24.737],[77.037,24.67],[77.035,24.538],[76.943,24.5],[76.881,24.562],[76.806,24.556],[76.815,24.36],[76.892,24.241],[76.87,24.182],[76.767,24.16],[76.573,24.273],[76.543,24.215],[76.456,24.265],[76.23,24.278],[76.133,24.329],[76.117,24.134],[75.999,24.051],[75.998,23.984],[75.899,23.918],[75.776,23.883],[75.7,23.793],[75.597,23.818],[75.578,23.876],[75.49,23.94],[75.539,24.041],[75.622,23.995],[75.73,24.001],[75.805,24.119],[75.748,24.19],[75.795,24.252],[75.734,24.424],[75.792,24.494],[75.875,24.514],[75.869,24.599],[75.759,24.777],[75.649,24.738],[75.448,24.703],[75.204,24.725],[75.172,24.763],[75.318,24.955],[75.235,25.04],[75.133,25.04],[75.084,24.889],[74.981,24.863],[74.876,24.919],[74.815,24.917],[74.838,24.797],[74.974,24.786],[74.965,24.694],[74.87,24.666],[74.807,24.736],[74.712,24.524],[74.847,24.436],[74.766,24.359],[74.759,24.257],[74.87,24.236],[74.893,24.134],[74.968,24.033],[74.908,23.897],[74.907,23.791],[74.939,23.687],[74.823,23.5],[74.648,23.431],[74.57,23.368],[74.536,23.251],[74.658,23.226],[74.716,23.179],[74.612,23.113],[74.476,23.062],[74.323,23.036],[74.233,23.156],[74.109,23.191],[74.106,23.248],[73.96,23.359],[73.904,23.333],[73.812,23.435],[73.711,23.415],[73.619,23.452],[73.621,23.583],[73.511,23.684],[73.362,23.784],[73.364,23.889],[73.424,23.941],[73.354,24.105],[73.246,24.016],[73.079,24.204],[73.137,24.336],[73.095,24.504],[73.0,24.493],[72.959,24.39],[72.897,24.361],[72.747,24.381],[72.668,24.461],[72.556,24.507],[72.501,24.496],[72.275,24.568],[72.262,24.608],[72.099,24.657],[72.051,24.708],[71.948,24.663],[71.751,24.678],[71.652,24.658],[71.546,24.688],[71.378,24.647],[71.251,24.637],[71.048,24.688]]]]},"properties":{"layer":"state","name":"Rajasthan"}},{"type":"Feature","geometry":{"type":"MultiPolygon","coordinates":[[[[80.071,28.83],[80.419,28.612],[80.479,28.605],[80.518,28.665],[80.587,28.65],[80.751,28.54],[81.169,28.335],[81.239,28.241],[81.311,28.176],[81.486,28.062],[81.853,27.867],[81.988,27.914],[82.112,27.865],[82.451,27.672],[82.63,27.687],[82.677,27.673],[82.733,27.519],[83.064,27.445],[83.29,27.371],[83.369,27.41],[83.384,27.445],[83.447,27.465],[83.552,27.456],[83.829,27.378],[83.942,27.222],[83.938,27.164],[84.023,27.06],[84.071,26.924],[84.149,26.876],[84.241,26.874],[84.246,26.757],[84.306,26.744],[84.383,26.642],[84.099,26.65],[84.054,26.565],[83.92,26.533],[83.955,26.454],[84.026,26.469],[84.178,26.404],[84.187,26.293],[83.993,26.241],[84.065,26.104],[84.15,26.066],[84.261,25.931],[84.374,25.94],[84.42,25.89],[84.532,25.862],[84.606,25.8],[84.601,25.747],[84.487,25.701],[84.373,25.765],[84.315,25.742],[84.324,25.659],[84.239,25.648],[84.213,25.728],[84.143,25.736],[83.904,25.529],[83.775,25.445],[83.384,25.236],[83.334,25.173],[83.323,25.068],[83.36,25.009],[83.36,24.863],[83.509,24.762],[83.531,24.704],[83.523,24.53],[83.402,24.498],[83.454,24.362],[83.337,24.14],[83.206,23.944],[83.089,23.911],[82.964,23.914],[82.801,23.999],[82.679,24.167],[82.733,24.214],[82.767,24.386],[82.734,24.42],[82.734,24.552],[82.808,24.566],[82.772,24.668],[82.692,24.72],[82.624,24.692],[82.427,24.719],[82.424,24.648],[82.303,24.638],[82.319,24.702],[82.033,24.859],[81.881,24.922],[81.817,25.036],[81.585,25.08],[81.537,25.2],[81.361,25.157],[81.243,25.17],[81.239,25.098],[81.185,24.973],[81.098,24.909],[80.999,24.966],[80.893,24.984],[80.779,24.971],[80.859,25.188],[80.806,25.212],[80.718,25.082],[80.647,25.07],[80.58,25.148],[80.515,25.041],[80.458,25.015],[80.288,25.016],[80.265,25.064],[80.422,25.181],[80.395,25.247],[80.326,25.282],[80.284,25.414],[80.191,25.413],[80.125,25.351],[80.015,25.331],[79.852,25.248],[79.863,25.153],[79.661,25.148],[79.542,25.177],[79.468,25.104],[79.339,25.147],[79.425,25.257],[79.295,25.259],[79.269,25.164],[79.109,25.195],[79.024,25.175],[78.983,25.237],[78.885,25.266],[78.955,25.386],[78.919,25.505],[78.853,25.434],[78.749,25.426],[78.728,25.346],[78.597,25.414],[78.516,25.266],[78.61,25.136],[78.64,24.964],[78.732,24.815],[78.715,24.685],[78.75,24.63],[78.879,24.613],[78.955,24.393],[78.826,24.23],[78.747,24.279],[78.656,24.295],[78.489,24.411],[78.386,24.301],[78.33,24.342],[78.35,24.408],[78.278,24.453],[78.229,24.533],[78.265,24.583],[78.261,24.693],[78.169,24.865],[78.337,25.023],[78.366,25.186],[78.262,25.412],[78.33,25.465],[78.371,25.553],[78.558,25.576],[78.715,25.626],[78.754,25.674],[78.74,25.79],[78.808,25.842],[78.954,26.11],[78.963,26.278],[79.061,26.355],[79.028,26.498],[78.974,26.572],[78.936,26.694],[78.842,26.712],[78.693,26.798],[78.564,26.758],[78.371,26.851],[78.2,26.824],[78.223,26.937],[78.107,26.947],[77.977,26.904],[77.705,26.93],[77.511,26.833],[77.461,26.904],[77.628,26.973],[77.513,27.109],[77.591,27.131],[77.657,27.203],[77.606,27.324],[77.46,27.385],[77.346,27.542],[77.281,27.809],[77.424,27.891],[77.48,27.898],[77.526,27.974],[77.468,28.047],[77.529,28.253],[77.467,28.315],[77.497,28.393],[77.327,28.52],[77.338,28.626],[77.307,28.721],[77.227,28.784],[77.201,28.877],[77.196,28.998],[77.141,29.13],[77.131,29.281],[77.15,29.403],[77.065,29.57],[77.088,29.659],[77.18,29.804],[77.23,29.977],[77.57,30.278],[77.585,30.383],[77.662,30.395],[77.751,30.326],[77.929,30.244],[77.835,30.131],[77.746,29.977],[77.747,29.878],[77.784,29.742],[77.831,29.66],[77.983,29.719],[78.107,29.655],[78.189,29.707],[78.155,29.925],[78.228,29.947],[78.381,29.762],[78.479,29.722],[78.643,29.538],[78.907,29.388],[78.722,29.284],[78.868,29.215],[78.95,29.127],[79.056,29.152],[79.171,29.051],[79.296,28.972],[79.371,28.97],[79.444,28.85],[79.526,28.878],[79.699,28.85],[79.743,28.885],[79.841,28.855],[79.844,28.805],[80.001,28.737],[80.071,28.83]]]]},"properties":{"layer":"state","name":"Uttar Pradesh"}},{"type":"Feature","geometry":{"type":"MultiPolygon","coordinates":[[[[81.01,30.165],[80.966,30.18],[80.908,30.172],[80.848,30.14],[80.684,29.994],[80.549,29.9],[80.402,29.73],[80.255,29.423],[80.256,29.318],[80.233,29.195],[80.13,29.1],[80.052,28.87],[80.071,28.83],[80.001,28.737],[79.844,28.805],[79.841,28.855],[79.743,28.885],[79.699,28.85],[79.526,28.878],[79.444,28.85],[79.371,28.97],[79.296,28.972],[79.171,29.051],[79.056,29.152],[78.95,29.127],[78.868,29.215],[78.722,29.284],[78.907,29.388],[78.643,29.538],[78.479,29.722],[78.381,29.762],[78.228,29.947],[78.155,29.925],[78.189,29.707],[78.107,29.655],[77.983,29.719],[77.831,29.66],[77.784,29.742],[77.747,29.878],[77.746,29.977],[77.835,30.131],[77.929,30.244],[77.751,30.326],[77.662,30.395],[77.585,30.383],[77.813,30.521],[77.706,30.791],[77.789,30.931],[77.806,31.051],[77.941,31.173],[78.04,31.172],[78.284,31.29],[78.369,31.29],[78.501,31.22],[78.582,31.231],[78.793,31.207],[78.87,31.122],[78.993,31.163],[78.869,31.315],[78.9,31.331],[78.974,31.329],[79.011,31.414],[79.044,31.426],[79.107,31.403],[79.339,31.106],[79.493,30.994],[79.565,30.949],[79.795,30.968],[80.082,30.782],[80.149,30.79],[80.194,30.759],[80.207,30.684],[80.191,30.568],[80.261,30.561],[80.682,30.415],[80.747,30.36],[80.985,30.237],[81.01,30.165]]]]},"properties":{"layer":"state","name":"Uttarakhand"}},{"type":"Feature","geometry":{"type":"MultiPolygon","coordinates":[[[[83.97,22.539],[83.996,22.593],[84.191,22.701],[84.228,22.783],[84.352,22.886],[84.292,22.997],[84.115,22.999],[84.089,23.085],[84.029,23.146],[84.039,23.309],[84.015,23.383],[83.947,23.37],[83.952,23.475],[84.015,23.554],[83.991,23.632],[83.906,23.565],[83.781,23.586],[83.721,23.676],[83.735,23.738],[83.697,23.819],[83.557,23.936],[83.522,24.066],[83.442,24.122],[83.337,24.14],[83.454,24.362],[83.402,24.498],[83.523,24.53],[83.696,24.506],[83.788,24.537],[83.918,24.544],[84.044,24.624],[84.096,24.504],[84.305,24.531],[84.312,24.451],[84.472,24.307],[84.519,24.308],[84.588,24.394],[84.798,24.497],[84.889,24.373],[84.961,24.348],[85.281,24.487],[85.391,24.509],[85.526,24.502],[85.578,24.558],[85.662,24.569],[85.647,24.649],[85.746,24.77],[85.831,24.771],[85.912,24.698],[86.033,24.712],[86.098,24.69],[86.155,24.556],[86.29,24.552],[86.276,24.435],[86.439,24.34],[86.494,24.48],[86.586,24.561],[86.702,24.548],[86.755,24.588],[86.89,24.532],[86.925,24.614],[87.05,24.597],[87.078,24.745],[87.119,24.851],[87.117,24.971],[87.186,25.062],[87.266,25.072],[87.292,25.174],[87.407,25.181],[87.523,25.324],[87.599,25.267],[87.726,25.252],[87.784,25.214],[87.781,25.09],[87.844,25.042],[87.877,24.939],[87.853,24.758],[87.895,24.67],[87.877,24.589],[87.791,24.562],[87.8,24.501],[87.721,24.318],[87.631,24.269],[87.662,24.186],[87.572,24.118],[87.487,24.124],[87.489,24.047],[87.338,24.002],[87.302,24.057],[87.241,23.851],[87.166,23.81],[87.08,23.815],[86.877,23.913],[86.81,23.818],[86.8,23.726],[86.646,23.697],[86.459,23.639],[86.348,23.568],[86.336,23.508],[86.214,23.449],[86.121,23.501],[86.135,23.559],[86.056,23.603],[85.996,23.512],[85.829,23.483],[85.895,23.416],[85.83,23.261],[85.888,23.163],[86.02,23.153],[86.142,23.028],[86.45,23.004],[86.415,22.943],[86.399,22.785],[86.587,22.681],[86.611,22.604],[86.749,22.545],[86.718,22.469],[86.79,22.416],[86.78,22.287],[86.687,22.218],[86.487,22.337],[86.366,22.33],[86.268,22.422],[86.102,22.5],[86.04,22.557],[85.939,22.501],[85.987,22.394],[85.965,22.245],[85.974,22.105],[85.916,22.022],[85.834,21.986],[85.785,22.012],[85.792,22.129],[85.679,22.076],[85.551,22.108],[85.425,22.164],[85.324,22.127],[85.232,22.035],[85.109,22.108],[84.985,22.113],[85.088,22.28],[85.1,22.394],[85.066,22.503],[84.908,22.422],[84.801,22.45],[84.734,22.427],[84.53,22.423],[84.421,22.331],[84.311,22.324],[84.148,22.387],[84.067,22.5],[83.97,22.539]]]]},"properties":{"layer":"state","name":"Jharkhand"}},{"type":"Feature","geometry":{"type":"MultiPolygon","coordinates":[[[[88.756,27.149],[88.835,27.066],[88.858,26.961],[89.148,26.816],[89.332,26.849],[89.586,26.779],[89.609,26.762],[89.61,26.719],[89.764,26.702],[89.86,26.714],[89.888,26.533],[89.829,26.328],[89.782,26.309],[89.727,26.206],[89.688,26.195],[89.671,26.214],[89.619,26.216],[89.586,26.186],[89.573,26.132],[89.591,26.072],[89.55,26.005],[89.467,25.984],[89.289,26.038],[89.186,26.106],[89.108,26.202],[89.102,26.308],[89.067,26.377],[89.019,26.41],[88.952,26.412],[88.924,26.375],[88.982,26.286],[88.97,26.251],[88.828,26.252],[88.683,26.292],[88.681,26.353],[88.62,26.431],[88.518,26.518],[88.418,26.572],[88.37,26.564],[88.346,26.505],[88.351,26.483],[88.437,26.437],[88.44,26.37],[88.151,26.087],[88.085,25.888],[88.107,25.841],[88.147,25.811],[88.253,25.79],[88.363,25.698],[88.452,25.574],[88.502,25.537],[88.593,25.495],[88.769,25.49],[88.795,25.456],[88.82,25.366],[88.944,25.291],[88.952,25.259],[88.89,25.194],[88.817,25.176],[88.456,25.188],[88.373,24.962],[88.313,24.882],[88.189,24.921],[88.15,24.915],[88.045,24.713],[88.023,24.628],[88.145,24.486],[88.225,24.461],[88.287,24.48],[88.338,24.454],[88.397,24.389],[88.499,24.347],[88.642,24.326],[88.724,24.275],[88.734,24.231],[88.7,24.003],[88.567,23.674],[88.616,23.573],[88.741,23.437],[88.704,23.293],[88.724,23.255],[88.897,23.21],[88.928,23.187],[88.851,23.041],[88.9,22.843],[88.927,22.671],[88.921,22.632],[89.05,22.275],[89.051,22.093],[89.028,21.937],[88.949,21.938],[89.02,21.834],[89.052,21.654],[88.967,21.641],[88.907,21.653],[88.858,21.745],[88.834,21.661],[88.745,21.584],[88.695,21.662],[88.691,21.733],[88.74,22.005],[88.708,22.056],[88.66,22.067],[88.642,22.122],[88.567,21.832],[88.6,21.714],[88.585,21.66],[88.446,21.614],[88.305,21.723],[88.287,21.758],[88.254,21.622],[88.122,21.636],[88.057,21.694],[88.181,22.033],[88.196,22.14],[87.994,22.266],[87.941,22.374],[87.962,22.255],[88.159,22.122],[88.051,22.001],[87.948,21.825],[87.824,21.727],[87.678,21.654],[87.479,21.608],[87.409,21.786],[87.275,21.814],[87.232,21.848],[87.191,21.956],[87.113,21.971],[87.059,21.907],[86.994,21.972],[86.987,22.067],[86.834,22.122],[86.687,22.218],[86.78,22.287],[86.79,22.416],[86.718,22.469],[86.749,22.545],[86.611,22.604],[86.587,22.681],[86.399,22.785],[86.415,22.943],[86.45,23.004],[86.142,23.028],[86.02,23.153],[85.888,23.163],[85.83,23.261],[85.895,23.416],[85.829,23.483],[85.996,23.512],[86.056,23.603],[86.135,23.559],[86.121,23.501],[86.214,23.449],[86.336,23.508],[86.348,23.568],[86.459,23.639],[86.646,23.697],[86.8,23.726],[86.81,23.818],[86.877,23.913],[87.08,23.815],[87.166,23.81],[87.241,23.851],[87.302,24.057],[87.338,24.002],[87.489,24.047],[87.487,24.124],[87.572,24.118],[87.662,24.186],[87.631,24.269],[87.721,24.318],[87.8,24.501],[87.791,24.562],[87.877,24.589],[87.895,24.67],[87.853,24.758],[87.877,24.939],[87.844,25.042],[87.781,25.09],[87.784,25.214],[87.838,25.278],[87.768,25.436],[87.956,25.534],[88.043,25.547],[88.046,25.669],[87.911,25.765],[87.805,25.874],[87.831,26.011],[87.979,26.146],[88.08,26.193],[88.18,26.286],[88.297,26.336],[88.282,26.428],[88.195,26.501],[88.094,26.537],[88.162,26.725],[88.157,26.807],[88.111,26.928],[87.993,27.086],[87.984,27.134],[88.001,27.248],[88.118,27.138],[88.233,27.137],[88.357,27.085],[88.448,27.114],[88.518,27.176],[88.664,27.173],[88.756,27.149]]]]},"properties":{"layer":"state","name":"West Bengal"}},{"type":"Feature","geometry":{"type":"MultiPolygon","coordinates":[[[[83.829,27.378],[83.897,27.435],[84.025,27.462],[84.091,27.491],[84.23,27.428],[84.61,27.299],[84.655,27.204],[84.654,27.092],[84.685,27.041],[85.02,26.879],[85.125,26.861],[85.152,26.847],[85.174,26.782],[85.24,26.75],[85.293,26.741],[85.568,26.84],[85.648,26.829],[85.7,26.782],[85.707,26.713],[85.737,26.64],[85.795,26.604],[85.856,26.6],[86.007,26.649],[86.129,26.612],[86.366,26.574],[86.701,26.435],[86.762,26.442],[87.016,26.555],[87.038,26.542],[87.09,26.433],[87.287,26.36],[87.414,26.423],[87.633,26.399],[87.849,26.437],[87.995,26.382],[88.055,26.43],[88.094,26.537],[88.195,26.501],[88.282,26.428],[88.297,26.336],[88.18,26.286],[88.08,26.193],[87.979,26.146],[87.831,26.011],[87.805,25.874],[87.911,25.765],[88.046,25.669],[88.043,25.547],[87.956,25.534],[87.768,25.436],[87.838,25.278],[87.784,25.214],[87.726,25.252],[87.599,25.267],[87.523,25.324],[87.407,25.181],[87.292,25.174],[87.266,25.072],[87.186,25.062],[87.117,24.971],[87.119,24.851],[87.078,24.745],[87.05,24.597],[86.925,24.614],[86.89,24.532],[86.755,24.588],[86.702,24.548],[86.586,24.561],[86.494,24.48],[86.439,24.34],[86.276,24.435],[86.29,24.552],[86.155,24.556],[86.098,24.69],[86.033,24.712],[85.912,24.698],[85.831,24.771],[85.746,24.77],[85.647,24.649],[85.662,24.569],[85.578,24.558],[85.526,24.502],[85.391,24.509],[85.281,24.487],[84.961,24.348],[84.889,24.373],[84.798,24.497],[84.588,24.394],[84.519,24.308],[84.472,24.307],[84.312,24.451],[84.305,24.531],[84.096,24.504],[84.044,24.624],[83.918,24.544],[83.788,24.537],[83.696,24.506],[83.523,24.53],[83.531,24.704],[83.509,24.762],[83.36,24.863],[83.36,25.009],[83.323,25.068],[83.334,25.173],[83.384,25.236],[83.775,25.445],[83.904,25.529],[84.143,25.736],[84.213,25.728],[84.239,25.648],[84.324,25.659],[84.315,25.742],[84.373,25.765],[84.487,25.701],[84.601,25.747],[84.606,25.8],[84.532,25.862],[84.42,25.89],[84.374,25.94],[84.261,25.931],[84.15,26.066],[84.065,26.104],[83.993,26.241],[84.187,26.293],[84.178,26.404],[84.026,26.469],[83.955,26.454],[83.92,26.533],[84.054,26.565],[84.099,26.65],[84.383,26.642],[84.306,26.744],[84.246,26.757],[84.241,26.874],[84.149,26.876],[84.071,26.924],[84.023,27.06],[83.938,27.164],[83.942,27.222],[83.829,27.378]]]]},"properties":{"layer":"state","name":"Bihar"}},{"type":"Feature","geometry":{"type":"MultiPolygon","coordinates":[[[[80.27,18.714],[80.275,18.777],[80.344,18.851],[80.272,18.979],[80.367,19.117],[80.397,19.234],[80.576,19.392],[80.617,19.319],[80.717,19.263],[80.832,19.345],[80.894,19.484],[80.831,19.547],[80.713,19.593],[80.676,19.677],[80.566,19.74],[80.538,19.811],[80.425,19.893],[80.531,19.921],[80.557,20.048],[80.531,20.135],[80.426,20.146],[80.424,20.234],[80.622,20.326],[80.622,20.601],[80.503,20.633],[80.573,20.698],[80.552,20.919],[80.481,20.932],[80.435,20.999],[80.485,21.168],[80.626,21.243],[80.721,21.473],[80.731,21.714],[80.805,21.774],[80.838,21.846],[80.835,21.951],[80.919,22.097],[80.987,22.108],[81.024,22.194],[81.119,22.295],[81.123,22.401],[81.178,22.478],[81.235,22.444],[81.373,22.493],[81.418,22.437],[81.54,22.52],[81.642,22.551],[81.67,22.609],[81.766,22.664],[81.789,22.853],[81.94,22.946],[81.946,23.043],[82.071,23.1],[82.129,23.096],[82.19,23.289],[82.098,23.372],[81.991,23.401],[81.907,23.505],[81.745,23.543],[81.644,23.482],[81.591,23.561],[81.686,23.69],[81.622,23.834],[81.682,23.885],[81.778,23.802],[81.937,23.841],[82.077,23.801],[82.532,23.775],[82.651,23.845],[82.658,23.885],[82.768,23.929],[82.801,23.999],[82.964,23.914],[83.089,23.911],[83.206,23.944],[83.337,24.14],[83.442,24.122],[83.522,24.066],[83.557,23.936],[83.697,23.819],[83.735,23.738],[83.721,23.676],[83.781,23.586],[83.906,23.565],[83.991,23.632],[84.015,23.554],[83.952,23.475],[83.947,23.37],[84.015,23.383],[84.039,23.309],[84.029,23.146],[84.089,23.085],[84.115,22.999],[84.292,22.997],[84.352,22.886],[84.228,22.783],[84.191,22.701],[83.996,22.593],[83.97,22.539],[83.996,22.441],[83.946,22.371],[83.841,22.349],[83.733,22.262],[83.605,22.196],[83.546,22.102],[83.515,21.964],[83.571,21.923],[83.557,21.835],[83.473,21.807],[83.444,21.719],[83.352,21.577],[83.328,21.499],[83.381,21.4],[83.361,21.337],[83.279,21.359],[83.198,21.173],[83.078,21.115],[82.965,21.179],[82.668,21.155],[82.562,20.954],[82.454,20.847],[82.342,20.861],[82.367,20.657],[82.34,20.556],[82.422,20.428],[82.434,20.159],[82.416,20.067],[82.611,19.988],[82.695,20.001],[82.682,19.823],[82.381,19.886],[82.29,19.836],[82.228,19.959],[82.096,20.051],[82.046,20.018],[81.94,20.105],[81.868,20.047],[81.824,19.913],[82.029,19.776],[82.029,19.518],[82.169,19.387],[82.145,19.244],[82.225,19.015],[82.224,18.922],[82.169,18.879],[82.139,18.747],[81.969,18.686],[81.904,18.622],[81.913,18.545],[81.792,18.438],[81.741,18.358],[81.644,18.292],[81.543,18.262],[81.444,17.88],[81.394,17.807],[81.245,17.804],[81.148,17.837],[81.045,17.776],[80.986,17.84],[80.979,17.964],[80.938,18.086],[80.852,18.196],[80.772,18.233],[80.696,18.412],[80.583,18.541],[80.503,18.6],[80.409,18.589],[80.32,18.642],[80.27,18.714]]]]},"properties":{"layer":"state","name":"Chhattisgarh"}},{"type":"Feature","geometry":{"type":"MultiPolygon","coordinates":[[[[80.679,21.351],[80.626,21.326],[80.418,21.447],[80.31,21.58],[80.187,21.639],[80.005,21.548],[79.84,21.534],[79.798,21.588],[79.65,21.582],[79.552,21.55],[79.533,21.619],[79.413,21.69],[79.24,21.713],[79.216,21.655],[78.922,21.572],[78.904,21.509],[78.696,21.475],[78.514,21.527],[78.428,21.508],[78.413,21.606],[78.193,21.551],[78.029,21.438],[77.871,21.398],[77.788,21.423],[77.713,21.38],[77.578,21.384],[77.482,21.424],[77.433,21.499],[77.457,21.549],[77.555,21.542],[77.552,21.697],[77.461,21.77],[77.333,21.774],[77.219,21.701],[77.116,21.724],[77.029,21.694],[76.917,21.618],[76.794,21.577],[76.786,21.502],[76.73,21.413],[76.633,21.341],[76.654,21.251],[76.614,21.202],[76.498,21.18],[76.437,21.108],[76.287,21.075],[76.187,21.086],[76.109,21.153],[76.143,21.193],[76.083,21.368],[75.878,21.4],[75.814,21.383],[75.535,21.372],[75.312,21.381],[75.13,21.438],[75.048,21.554],[74.894,21.612],[74.708,21.611],[74.512,21.727],[74.486,21.946],[74.408,22.023],[74.284,21.945],[74.205,21.925],[74.129,21.952],[74.142,22.063],[74.071,22.198],[74.056,22.294],[74.224,22.349],[74.222,22.409],[74.113,22.411],[74.026,22.48],[74.063,22.521],[74.161,22.517],[74.273,22.61],[74.376,22.651],[74.458,22.804],[74.427,22.872],[74.365,22.875],[74.323,23.036],[74.476,23.062],[74.612,23.113],[74.716,23.179],[74.658,23.226],[74.536,23.251],[74.57,23.368],[74.648,23.431],[74.823,23.5],[74.939,23.687],[74.907,23.791],[74.908,23.897],[74.968,24.033],[74.893,24.134],[74.87,24.236],[74.759,24.257],[74.766,24.359],[74.847,24.436],[74.712,24.524],[74.807,24.736],[74.87,24.666],[74.965,24.694],[74.974,24.786],[74.838,24.797],[74.815,24.917],[74.876,24.919],[74.981,24.863],[75.084,24.889],[75.133,25.04],[75.235,25.04],[75.318,24.955],[75.172,24.763],[75.204,24.725],[75.448,24.703],[75.649,24.738],[75.759,24.777],[75.869,24.599],[75.875,24.514],[75.792,24.494],[75.734,24.424],[75.795,24.252],[75.748,24.19],[75.805,24.119],[75.73,24.001],[75.622,23.995],[75.539,24.041],[75.49,23.94],[75.578,23.876],[75.597,23.818],[75.7,23.793],[75.776,23.883],[75.899,23.918],[75.998,23.984],[75.999,24.051],[76.117,24.134],[76.133,24.329],[76.23,24.278],[76.456,24.265],[76.543,24.215],[76.573,24.273],[76.767,24.16],[76.87,24.182],[76.892,24.241],[76.815,24.36],[76.806,24.556],[76.881,24.562],[76.943,24.5],[77.035,24.538],[77.037,24.67],[76.967,24.737],[76.848,24.76],[76.781,24.837],[76.883,24.897],[76.861,25.034],[76.999,25.088],[77.187,25.128],[77.341,25.114],[77.399,25.212],[77.363,25.262],[77.359,25.407],[77.255,25.434],[77.202,25.356],[77.081,25.353],[76.913,25.309],[76.78,25.332],[76.652,25.379],[76.551,25.46],[76.478,25.72],[76.546,25.848],[76.652,25.923],[76.727,25.916],[76.908,26.099],[77.082,26.185],[77.125,26.238],[77.21,26.242],[77.323,26.352],[77.431,26.374],[77.617,26.483],[77.715,26.506],[77.831,26.576],[77.903,26.664],[78.013,26.696],[78.079,26.683],[78.101,26.795],[78.371,26.851],[78.564,26.758],[78.693,26.798],[78.842,26.712],[78.936,26.694],[78.974,26.572],[79.028,26.498],[79.061,26.355],[78.963,26.278],[78.954,26.11],[78.808,25.842],[78.74,25.79],[78.754,25.674],[78.715,25.626],[78.558,25.576],[78.371,25.553],[78.33,25.465],[78.262,25.412],[78.366,25.186],[78.337,25.023],[78.169,24.865],[78.261,24.693],[78.265,24.583],[78.229,24.533],[78.278,24.453],[78.35,24.408],[78.33,24.342],[78.386,24.301],[78.489,24.411],[78.656,24.295],[78.747,24.279],[78.826,24.23],[78.955,24.393],[78.879,24.613],[78.75,24.63],[78.715,24.685],[78.732,24.815],[78.64,24.964],[78.61,25.136],[78.516,25.266],[78.597,25.414],[78.728,25.346],[78.749,25.426],[78.853,25.434],[78.919,25.505],[78.955,25.386],[78.885,25.266],[78.983,25.237],[79.024,25.175],[79.109,25.195],[79.269,25.164],[79.295,25.259],[79.425,25.257],[79.339,25.147],[79.468,25.104],[79.542,25.177],[79.661,25.148],[79.863,25.153],[79.852,25.248],[80.015,25.331],[80.125,25.351],[80.191,25.413],[80.284,25.414],[80.326,25.282],[80.395,25.247],[80.422,25.181],[80.265,25.064],[80.288,25.016],[80.458,25.015],[80.515,25.041],[80.58,25.148],[80.647,25.07],[80.718,25.082],[80.806,25.212],[80.859,25.188],[80.779,24.971],[80.893,24.984],[80.999,24.966],[81.098,24.909],[81.185,24.973],[81.239,25.098],[81.243,25.17],[81.361,25.157],[81.537,25.2],[81.585,25.08],[81.817,25.036],[81.881,24.922],[82.033,24.859],[82.319,24.702],[82.303,24.638],[82.424,24.648],[82.427,24.719],[82.624,24.692],[82.692,24.72],[82.772,24.668],[82.808,24.566],[82.734,24.552],[82.734,24.42],[82.767,24.386],[82.733,24.214],[82.679,24.167],[82.801,23.999],[82.768,23.929],[82.658,23.885],[82.651,23.845],[82.532,23.775],[82.077,23.801],[81.937,23.841],[81.778,23.802],[81.682,23.885],[81.622,23.834],[81.686,23.69],[81.591,23.561],[81.644,23.482],[81.745,23.543],[81.907,23.505],[81.991,23.401],[82.098,23.372],[82.19,23.289],[82.129,23.096],[82.071,23.1],[81.946,23.043],[81.94,22.946],[81.789,22.853],[81.766,22.664],[81.67,22.609],[81.642,22.551],[81.54,22.52],[81.418,22.437],[81.373,22.493],[81.235,22.444],[81.178,22.478],[81.123,22.401],[81.119,22.295],[81.024,22.194],[80.987,22.108],[80.919,22.097],[80.835,21.951],[80.838,21.846],[80.805,21.774],[80.731,21.714],[80.721,21.473],[80.679,21.351]]]]},"properties":{"layer":"state","name":"Madhya Pradesh"}},{"type":"Feature","geometry":{"type":"MultiPolygon","coordinates":[[[[79.848,11.954],[79.813,11.832],[79.727,11.842],[79.686,12.0],[79.791,11.917],[79.848,11.954]]],[[[79.849,10.98],[79.85,10.769],[79.767,10.889],[79.705,10.91],[79.737,10.986],[79.849,10.98]]]]},"properties":{"layer":"state","name":"Puducherry"}},{"type":"Feature","geometry":{"type":"MultiPolygon","coordinates":[[[[79.85,10.769],[79.838,10.323],[79.667,10.3],[79.532,10.33],[79.391,10.306],[79.315,10.257],[79.254,10.175],[79.258,10.035],[78.996,9.683],[78.94,9.566],[78.919,9.453],[78.953,9.394],[79.02,9.333],[79.275,9.285],[79.356,9.252],[79.411,9.192],[79.213,9.256],[78.98,9.269],[78.421,9.105],[78.275,8.99],[78.192,8.891],[78.136,8.663],[78.126,8.511],[78.06,8.385],[77.77,8.19],[77.587,8.13],[77.518,8.078],[77.301,8.145],[77.11,8.284],[77.166,8.337],[77.279,8.526],[77.204,8.612],[77.179,8.695],[77.235,8.784],[77.249,8.859],[77.203,8.894],[77.165,9.001],[77.255,9.122],[77.399,9.5],[77.341,9.58],[77.263,9.557],[77.188,9.613],[77.235,9.765],[77.226,9.859],[77.26,9.962],[77.224,10.058],[77.277,10.21],[77.191,10.351],[77.065,10.296],[76.986,10.231],[76.928,10.236],[76.842,10.311],[76.809,10.437],[76.821,10.633],[76.876,10.678],[76.89,10.78],[76.82,10.876],[76.69,10.933],[76.719,11.139],[76.641,11.209],[76.466,11.205],[76.534,11.313],[76.495,11.385],[76.409,11.437],[76.256,11.478],[76.241,11.604],[76.339,11.591],[76.465,11.715],[76.532,11.709],[76.605,11.631],[76.751,11.642],[76.821,11.626],[76.908,11.8],[76.997,11.826],[77.083,11.757],[77.122,11.793],[77.259,11.817],[77.354,11.784],[77.434,11.812],[77.49,11.926],[77.671,11.971],[77.769,12.12],[77.668,12.204],[77.492,12.205],[77.472,12.274],[77.561,12.34],[77.619,12.467],[77.569,12.56],[77.609,12.673],[77.765,12.719],[77.801,12.857],[77.895,12.873],[78.002,12.807],[78.056,12.846],[78.23,12.76],[78.353,12.642],[78.419,12.633],[78.583,12.778],[78.645,12.992],[78.736,13.061],[78.944,13.093],[79.078,13.036],[79.162,13.045],[79.251,13.148],[79.315,13.132],[79.42,13.22],[79.45,13.331],[79.544,13.324],[79.572,13.284],[79.668,13.291],[79.697,13.236],[79.785,13.224],[79.816,13.295],[79.957,13.366],[79.962,13.417],[80.098,13.464],[80.231,13.468],[80.29,13.437],[80.342,13.361],[80.229,12.69],[80.143,12.452],[79.982,12.235],[79.848,11.954],[79.791,11.917],[79.686,12.0],[79.727,11.842],[79.813,11.832],[79.754,11.575],[79.793,11.447],[79.693,11.313],[79.799,11.339],[79.835,11.269],[79.849,11.197],[79.849,10.98],[79.737,10.986],[79.705,10.91],[79.767,10.889],[79.85,10.769]]]]},"properties":{"layer":"state","name":"Tamil Nadu"}},{"type":"Feature","geometry":{"type":"MultiPolygon","coordinates":[[[[71.048,24.688],[71.251,24.637],[71.378,24.647],[71.546,24.688],[71.652,24.658],[71.751,24.678],[71.948,24.663],[72.051,24.708],[72.099,24.657],[72.262,24.608],[72.275,24.568],[72.501,24.496],[72.556,24.507],[72.668,24.461],[72.747,24.381],[72.897,24.361],[72.959,24.39],[73.0,24.493],[73.095,24.504],[73.137,24.336],[73.079,24.204],[73.246,24.016],[73.354,24.105],[73.424,23.941],[73.364,23.889],[73.362,23.784],[73.511,23.684],[73.621,23.583],[73.619,23.452],[73.711,23.415],[73.812,23.435],[73.904,23.333],[73.96,23.359],[74.106,23.248],[74.109,23.191],[74.233,23.156],[74.323,23.036],[74.365,22.875],[74.427,22.872],[74.458,22.804],[74.376,22.651],[74.273,22.61],[74.161,22.517],[74.063,22.521],[74.026,22.48],[74.113,22.411],[74.222,22.409],[74.224,22.349],[74.056,22.294],[74.071,22.198],[74.142,22.063],[74.129,21.952],[74.061,21.94],[73.918,21.867],[73.809,21.836],[73.829,21.651],[73.752,21.611],[73.821,21.508],[73.996,21.555],[74.192,21.546],[74.292,21.514],[74.109,21.452],[74.053,21.466],[73.96,21.394],[73.919,21.292],[73.8,21.281],[73.777,21.217],[73.695,21.123],[73.868,20.975],[73.903,20.884],[73.909,20.776],[73.811,20.677],[73.792,20.606],[73.7,20.562],[73.476,20.679],[73.404,20.67],[73.459,20.538],[73.361,20.369],[73.394,20.27],[73.364,20.178],[73.272,20.193],[73.243,20.139],[73.166,20.115],[73.042,20.158],[73.047,20.221],[73.112,20.255],[73.05,20.33],[72.897,20.222],[72.947,20.127],[72.709,20.078],[72.881,20.563],[72.894,20.673],[72.879,20.829],[72.841,20.952],[72.814,21.117],[72.752,21.129],[72.692,21.178],[72.624,21.372],[72.735,21.471],[72.613,21.462],[72.811,21.62],[73.022,21.7],[73.112,21.75],[72.979,21.705],[72.84,21.687],[72.543,21.697],[72.592,21.878],[72.644,21.938],[72.7,21.972],[72.617,21.962],[72.522,21.976],[72.553,22.16],[72.628,22.2],[72.809,22.233],[72.59,22.278],[72.456,22.248],[72.333,22.27],[72.183,22.27],[72.243,22.245],[72.306,22.189],[72.274,22.09],[72.244,22.028],[72.162,21.985],[72.094,21.92],[72.076,21.863],[72.037,21.823],[72.171,21.774],[72.21,21.728],[72.257,21.661],[72.254,21.531],[72.077,21.224],[72.015,21.156],[71.571,20.971],[71.396,20.87],[71.025,20.739],[70.88,20.715],[70.719,20.74],[70.485,20.84],[70.127,21.095],[70.034,21.179],[69.748,21.506],[69.542,21.679],[69.385,21.84],[69.192,21.992],[69.009,22.197],[68.97,22.29],[68.983,22.385],[69.052,22.437],[69.131,22.416],[69.194,22.336],[69.277,22.285],[69.549,22.408],[69.655,22.404],[69.728,22.465],[69.819,22.452],[70.006,22.548],[70.177,22.573],[70.44,22.97],[70.513,23.002],[70.489,23.09],[70.435,23.077],[70.339,22.94],[70.251,22.971],[70.118,22.947],[69.85,22.856],[69.74,22.775],[69.665,22.759],[69.236,22.849],[68.817,23.054],[68.641,23.19],[68.417,23.571],[68.454,23.629],[68.777,23.852],[68.497,23.748],[68.425,23.706],[68.343,23.617],[68.235,23.597],[68.165,23.857],[68.283,23.928],[68.381,23.951],[68.489,23.967],[68.724,23.965],[68.728,24.266],[68.759,24.307],[68.8,24.309],[68.828,24.264],[68.863,24.266],[68.901,24.292],[68.985,24.273],[69.052,24.286],[69.12,24.269],[69.559,24.273],[69.716,24.173],[69.934,24.171],[70.021,24.192],[70.098,24.287],[70.289,24.356],[70.547,24.418],[70.565,24.386],[70.556,24.331],[70.579,24.279],[70.659,24.246],[70.767,24.245],[70.805,24.262],[70.886,24.344],[70.928,24.362],[70.983,24.361],[71.044,24.4],[71.045,24.43],[71.006,24.444],[70.973,24.487],[70.97,24.572],[70.976,24.619],[71.048,24.688]]]]},"properties":{"layer":"state","name":"Gujarat"}},{"type":"Feature","geometry":{"type":"MultiPolygon","coordinates":[[[[91.632,27.76],[91.978,27.73],[92.101,27.808],[92.251,27.841],[92.341,27.821],[92.415,27.825],[92.547,27.879],[92.664,27.949],[92.688,27.989],[92.687,28.026],[92.643,28.062],[92.653,28.093],[92.702,28.147],[92.882,28.228],[93.035,28.328],[93.119,28.402],[93.207,28.591],[93.252,28.629],[93.665,28.69],[93.761,28.73],[93.902,28.803],[93.974,28.861],[94.013,28.908],[94.018,28.96],[94.112,28.976],[94.293,29.145],[94.468,29.216],[94.623,29.312],[94.677,29.297],[94.733,29.252],[94.769,29.176],[94.999,29.149],[95.279,29.05],[95.389,29.037],[95.517,29.151],[95.516,29.206],[95.71,29.314],[96.035,29.447],[96.128,29.381],[96.195,29.272],[96.235,29.246],[96.337,29.261],[96.356,29.249],[96.34,29.21],[96.122,29.082],[96.137,28.923],[96.162,28.91],[96.347,29.027],[96.436,29.051],[96.467,29.022],[96.477,28.959],[96.581,28.764],[96.396,28.607],[96.327,28.525],[96.326,28.469],[96.279,28.428],[96.281,28.412],[96.389,28.368],[96.428,28.406],[96.603,28.46],[96.653,28.45],[96.776,28.367],[96.981,28.338],[97.075,28.369],[97.145,28.34],[97.323,28.218],[97.303,28.086],[97.339,28.031],[97.344,27.982],[97.335,27.938],[97.306,27.907],[97.226,27.89],[96.963,27.698],[96.9,27.644],[96.877,27.587],[96.902,27.44],[97.104,27.163],[97.102,27.115],[97.038,27.102],[96.953,27.133],[96.88,27.178],[96.798,27.296],[96.732,27.332],[96.666,27.339],[96.191,27.261],[96.061,27.217],[95.905,27.047],[95.738,26.95],[95.464,26.756],[95.246,26.655],[95.235,26.791],[95.202,26.867],[95.225,26.974],[95.176,27.033],[95.261,27.049],[95.424,27.141],[95.493,27.25],[95.546,27.274],[95.644,27.23],[95.8,27.286],[95.904,27.276],[96.007,27.365],[95.978,27.45],[95.88,27.463],[95.887,27.557],[95.804,27.619],[95.776,27.717],[95.901,27.865],[95.964,27.993],[95.717,27.99],[95.544,27.902],[95.408,27.871],[95.313,27.896],[94.475,27.594],[94.353,27.593],[94.243,27.648],[94.243,27.526],[93.983,27.328],[93.847,27.199],[93.827,27.096],[93.695,27.006],[93.461,26.947],[93.375,26.989],[93.02,26.953],[92.815,27.051],[92.699,27.066],[92.626,27.018],[92.21,26.912],[92.073,26.921],[92.068,26.975],[91.992,27.1],[92.031,27.214],[92.083,27.291],[92.045,27.365],[91.991,27.45],[91.743,27.443],[91.658,27.494],[91.595,27.558],[91.579,27.611],[91.632,27.76]]]]},"properties":{"layer":"state","name":"Arunachal Pradesh"}},{"type":"Feature","geometry":{"type":"MultiPolygon","coordinates":[[[[93.312,24.033],[93.373,23.774],[93.415,23.682],[93.391,23.339],[93.349,23.085],[93.308,23.03],[93.253,23.015],[93.204,23.037],[93.164,23.032],[93.151,22.997],[93.163,22.908],[93.079,22.718],[93.105,22.547],[93.162,22.36],[93.151,22.231],[93.121,22.205],[93.071,22.209],[93.043,22.184],[92.965,22.004],[92.909,21.989],[92.854,22.01],[92.771,22.105],[92.721,22.132],[92.689,22.131],[92.63,22.011],[92.575,21.978],[92.491,22.685],[92.393,22.897],[92.362,22.929],[92.341,23.07],[92.334,23.324],[92.246,23.684],[92.271,23.829],[92.319,23.851],[92.325,24.188],[92.298,24.238],[92.416,24.239],[92.489,24.133],[92.624,24.239],[92.631,24.295],[92.701,24.362],[92.746,24.471],[92.829,24.377],[93.018,24.399],[92.995,24.095],[93.106,24.045],[93.249,24.057],[93.312,24.033]]]]},"properties":{"layer":"state","name":"Mizoram"}},{"type":"Feature","geometry":{"type":"MultiPolygon","coordinates":[[[[92.246,23.684],[92.187,23.676],[92.152,23.722],[92.044,23.678],[91.93,23.686],[91.938,23.505],[91.919,23.471],[91.79,23.361],[91.754,23.287],[91.774,23.106],[91.751,23.054],[91.695,23.005],[91.62,22.98],[91.554,22.992],[91.511,23.034],[91.436,23.2],[91.399,23.214],[91.371,23.198],[91.369,23.075],[91.339,23.077],[91.315,23.104],[91.254,23.374],[91.166,23.581],[91.16,23.661],[91.232,23.92],[91.336,24.019],[91.367,24.094],[91.526,24.091],[91.571,24.107],[91.669,24.19],[91.727,24.205],[91.773,24.211],[91.846,24.175],[91.877,24.195],[91.952,24.357],[92.085,24.386],[92.139,24.545],[92.222,24.5],[92.258,24.396],[92.22,24.264],[92.298,24.238],[92.325,24.188],[92.319,23.851],[92.271,23.829],[92.246,23.684]]]]},"properties":{"layer":"state","name":"Tripura"}},{"type":"Feature","geometry":{"type":"MultiPolygon","coordinates":[[[[74.104,15.645],[73.992,15.611],[73.942,15.634],[73.908,15.721],[73.808,15.775],[73.679,15.711],[73.608,15.871],[73.476,16.054],[73.454,16.152],[73.338,16.46],[73.239,17.199],[73.149,17.527],[73.156,17.622],[73.047,17.907],[72.994,18.098],[72.917,18.576],[72.875,18.643],[72.871,18.683],[72.899,18.779],[72.977,18.927],[73.006,19.021],[72.972,19.153],[72.901,19.015],[72.835,18.976],[72.803,19.079],[72.795,19.252],[72.812,19.299],[72.987,19.277],[72.788,19.363],[72.756,19.451],[72.799,19.52],[72.727,19.578],[72.697,19.757],[72.668,19.831],[72.709,20.078],[72.947,20.127],[72.997,20.04],[73.161,20.047],[73.166,20.115],[73.243,20.139],[73.272,20.193],[73.364,20.178],[73.394,20.27],[73.361,20.369],[73.459,20.538],[73.404,20.67],[73.476,20.679],[73.7,20.562],[73.792,20.606],[73.811,20.677],[73.909,20.776],[73.903,20.884],[73.868,20.975],[73.695,21.123],[73.777,21.217],[73.8,21.281],[73.919,21.292],[73.96,21.394],[74.053,21.466],[74.109,21.452],[74.292,21.514],[74.192,21.546],[73.996,21.555],[73.821,21.508],[73.752,21.611],[73.829,21.651],[73.809,21.836],[73.918,21.867],[74.061,21.94],[74.129,21.952],[74.205,21.925],[74.284,21.945],[74.408,22.023],[74.486,21.946],[74.512,21.727],[74.708,21.611],[74.894,21.612],[75.048,21.554],[75.13,21.438],[75.312,21.381],[75.535,21.372],[75.814,21.383],[75.878,21.4],[76.083,21.368],[76.143,21.193],[76.109,21.153],[76.187,21.086],[76.287,21.075],[76.437,21.108],[76.498,21.18],[76.614,21.202],[76.654,21.251],[76.633,21.341],[76.73,21.413],[76.786,21.502],[76.794,21.577],[76.917,21.618],[77.029,21.694],[77.116,21.724],[77.219,21.701],[77.333,21.774],[77.461,21.77],[77.552,21.697],[77.555,21.542],[77.457,21.549],[77.433,21.499],[77.482,21.424],[77.578,21.384],[77.713,21.38],[77.788,21.423],[77.871,21.398],[78.029,21.438],[78.193,21.551],[78.413,21.606],[78.428,21.508],[78.514,21.527],[78.696,21.475],[78.904,21.509],[78.922,21.572],[79.216,21.655],[79.24,21.713],[79.413,21.69],[79.533,21.619],[79.552,21.55],[79.65,21.582],[79.798,21.588],[79.84,21.534],[80.005,21.548],[80.187,21.639],[80.31,21.58],[80.418,21.447],[80.626,21.326],[80.679,21.351],[80.626,21.243],[80.485,21.168],[80.435,20.999],[80.481,20.932],[80.552,20.919],[80.573,20.698],[80.503,20.633],[80.622,20.601],[80.622,20.326],[80.424,20.234],[80.426,20.146],[80.531,20.135],[80.557,20.048],[80.531,19.921],[80.425,19.893],[80.538,19.811],[80.566,19.74],[80.676,19.677],[80.713,19.593],[80.831,19.547],[80.894,19.484],[80.832,19.345],[80.717,19.263],[80.617,19.319],[80.576,19.392],[80.397,19.234],[80.367,19.117],[80.272,18.979],[80.344,18.851],[80.275,18.777],[80.27,18.714],[80.091,18.697],[80.002,18.786],[79.96,18.867],[79.934,19.053],[79.862,19.081],[79.944,19.169],[79.931,19.212],[79.965,19.402],[79.931,19.483],[79.865,19.509],[79.796,19.594],[79.735,19.603],[79.539,19.534],[79.42,19.536],[79.266,19.59],[79.198,19.462],[79.059,19.547],[79.024,19.542],[78.873,19.65],[78.848,19.725],[78.78,19.777],[78.712,19.774],[78.534,19.825],[78.478,19.799],[78.383,19.866],[78.322,19.863],[78.384,19.685],[78.333,19.643],[78.303,19.483],[78.24,19.46],[78.174,19.375],[78.168,19.264],[78.064,19.264],[77.992,19.323],[77.92,19.332],[77.855,19.228],[77.834,19.121],[77.752,19.046],[77.912,18.835],[77.839,18.81],[77.781,18.704],[77.703,18.669],[77.68,18.57],[77.592,18.548],[77.503,18.382],[77.551,18.308],[77.461,18.282],[77.347,18.352],[77.302,18.46],[77.233,18.411],[77.231,18.334],[77.118,18.254],[77.088,18.197],[76.95,18.18],[76.893,18.144],[76.885,17.974],[76.839,17.884],[76.741,17.898],[76.756,17.826],[76.676,17.707],[76.593,17.771],[76.513,17.773],[76.391,17.637],[76.322,17.618],[76.344,17.352],[76.21,17.389],[76.095,17.378],[75.936,17.326],[75.87,17.416],[75.784,17.375],[75.613,17.472],[75.553,17.366],[75.622,17.221],[75.605,17.158],[75.647,17.091],[75.617,16.975],[75.554,17.015],[75.453,16.964],[75.371,16.984],[75.256,16.959],[75.243,16.902],[75.167,16.868],[75.043,16.953],[74.96,16.951],[74.922,16.889],[74.845,16.852],[74.867,16.776],[74.685,16.708],[74.666,16.606],[74.557,16.552],[74.525,16.624],[74.43,16.644],[74.353,16.544],[74.292,16.528],[74.366,16.293],[74.452,16.254],[74.47,16.11],[74.416,16.096],[74.429,15.994],[74.354,15.873],[74.331,15.762],[74.224,15.726],[74.186,15.766],[74.104,15.645]]]]},"properties":{"layer":"state","name":"Maharashtra"}}]}